lat,long,plot_id,month,year,great_huki_year,assess_date,removal,non-removal,av,as,gs,o,bp,cr,caul,ce,chon,cm,dc,da,ds,dict,gc,gp,gr,hal,hh,hyd,hyp,lc,lyng,lau,neo,pad,spy,uf,rock,sand,sand_depth_mean
21.27933,-157.73224,P0419,2,2025,,2025-02-24,e,,0,20,5,0,0,0,2,0,0,0,0,0,0,0,0,0,0,2,0,0,0,0,0,0,0,0,10,0,5,70,
21.27969,-157.72712,P0430,3,2025,,2025-03-17,ae,,0,22,0,0,0,0,0,0,0,0,0,0,0,0,0,0,0,0,0,0,0,0,0,0,0,0,6,0,19,268,3.701754386
21.27996,-157.73195,P0454,2,2025,,2025-02-10,e,,8,2,0,0,0,0,1,0,1,0,0,0,0,0,0,0,0,1,0,0,0,0,0,0,0,0,0,0,0,90,
21.28005,-157.73157,P0459,2,2025,,2025-02-10,e,,8,4,0,0,0,0,0,0,0,0,0,0,0,0,0,0,0,0,0,0,0,0,0,0,0,0,0,0,0,90,
21.28059,-157.73021,P0567,7,2025,2011,2025-07-12,a,,3,45,1,0,0,0,22,0,0,0,3,4,3,0,0,0,0,4,0,0,0,0,21,2,0,12,0,0,35,19,2.8
21.28068,-157.73021,P0282,7,2025,2011,2025-07-12,h,,0,35,1,0,0,0,5,0,1,0,0,0,1,0,0,0,0,3,0,0,0,0,17,1,0,5,0,0,42,8,1.666666667
21.28068,-157.7307,P0137,4,2025,2010,2025-04-11,h,,8,39,10,0,0,0,10,0,3,0,2,3,0,0,0,0,0,5,0,0,11,0,0,0,0,0,2,0,53,13,2.25
21.28077,-157.72944,P0636,6,2025,2010,2025-06-26,e,,0,26,0,0,0,0,6,0,2,0,0,0,0,0,0,0,0,0,0,0,0,0,1,0,0,1,1,0,56,41,2.153846154
21.28077,-157.73012,P0210,7,2025,2011,2025-07-12,h,,1,30,1,0,0,0,13,0,1,0,6,0,2,0,0,0,0,6,0,0,0,0,9,4,0,2,3,0,48,5,1.5
21.28077,-157.73021,P0639,7,2025,2011,2025-07-12,h,,1,50,4,0,0,0,12,0,0,0,1,3,5,0,0,0,0,1,0,0,0,0,12,5,0,5,10,0,28,4,1
21.28077,-157.73031,P0283,7,2025,,2025-07-12,h,,1,44,6,0,0,0,14,0,5,0,2,7,3,0,0,0,0,2,0,0,0,0,17,5,0,7,6,0,30,12,1.4
21.28077,-157.7305,P0285,7,2025,2010,2025-07-15,h,,0,0,55,0,0,0,6,0,3,0,0,4,1,0,0,0,0,1,0,0,2,0,18,2,0,2,3,0,32,11,1.2
21.28077,-157.7307,P0642,4,2025,2010,2025-04-11,h,,0,27,3,0,0,0,6,0,0,0,0,2,0,0,0,0,0,2,0,0,3,0,0,0,0,3,2,0,33,55,1.894736842
21.28077,-157.73108,P0645,8,2025,2011,2025-08-26,a,,6,53,8,0,0,0,39,0,4,0,1,1,1,0,0,0,0,5,0,0,0,0,67,0,0,0,0,0,11,10,4
21.28086,-157.7305,P0670,4,2025,2010,2025-04-09,h,,0,37,11,0,0,0,5,0,0,0,0,2,0,0,0,0,0,3,0,0,22,0,0,4,0,0,13,0,38,62,3.133333333
21.28086,-157.7306,P0671,4,2025,2010,2025-04-09,h,,0,15,10,0,0,0,2,4,0,0,1,1,0,0,0,0,0,0,0,0,7,0,0,2,0,0,6,0,45,80,3
21.28086,-157.73263,P0379,2,2025,,2025-02-15,h,,2,1,0,0,0,0,0,0,0,0,0,0,0,0,0,0,0,44,0,0,0,0,0,0,1,0,0,0,12,162,3.153846154
21.28086,-157.73273,P0380,2,2025,,2025-02-15,h,,8,0,6,0,0,0,0,0,0,0,0,0,0,0,0,0,0,26,0,0,0,0,4,0,0,0,0,0,40,72,2.428571429
21.28086,-157.73282,P0381,2,2025,,2025-02-15,E,,25,0,0,0,0,0,0,0,0,0,0,0,0,0,0,0,0,60,0,0,0,0,0,0,0,0,6,0,21,0,
21.28086,-157.73302,P0685,2,2025,,2025-02-15,e,,5,2,0,0,0,0,0,0,0,0,0,0,0,0,0,0,0,12,0,0,0,0,0,0,0,0,22,0,33,79,1.925925926
21.28095,-157.72761,P0686,2,2025,,2025-02-15,h,,1,2,0,0,0,0,0,0,0,0,0,1,0,0,0,0,0,18,0,0,0,0,0,0,0,0,15,0,37,91,1.935483871
21.28095,-157.73118,P0704,3,2025,2010,2025-03-19,h,,0,45,12,0,0,0,7,0,4,0,0,0,0,0,0,0,0,0,0,0,24,0,5,2,0,0,5,0,20,74,2.523809524
21.28095,-157.73176,P0709,6,2025,,2025-06-27,e,,2,54,1,0,0,0,23,0,5,0,1,7,2,0,0,0,0,32,0,0,0,0,62,3,0,0,1,0,18,28,2.5
21.28104,-157.72799,P0715,5,2025,,2025-05-15,e,,17,70,12,0,0,0,1,0,1,0,0,0,0,0,2,0,0,64,0,0,17,0,0,0,0,0,65,0,8,6,2
21.28104,-157.7306,P0729,7,2025,2010,2025-07-25,h,,0,59,36,0,0,0,17,0,7,0,2,17,5,0,0,0,0,0,0,1,0,0,17,4,0,3,38,0,16,140,7.75
21.28104,-157.73263,P0740,5,2025,,2025-05-15,e,,0,10,0,0,0,0,1,0,3,0,0,0,0,0,0,0,0,3,0,0,3,0,3,0,0,1,19,0,0,409,4.1125
21.28104,-157.73282,P0741,5,2025,,2025-05-15,e,,2,25,5,0,0,0,0,0,1,0,0,0,0,0,0,0,0,49,0,0,13,0,0,0,0,0,49,0,2,302,6.023255814
21.28113,-157.72935,P0053,6,2025,2010,2025-06-12,h,,0,43,39,0,0,0,14,0,0,0,0,9,0,0,0,0,0,0,0,0,0,0,29,0,0,0,34,0,15,81,2.857142857
21.28113,-157.72944,P0054,4,2025,2010,2025-04-01,h,,0,57,54,0,0,0,0,0,16,0,0,0,0,0,0,0,0,0,0,0,0,0,0,0,0,0,57,0,5,4,1
21.28113,-157.7306,P0751,7,2025,2010,2025-07-25,q,,0,50,32,0,0,0,10,0,17,0,1,20,4,0,0,0,0,0,0,0,0,0,62,0,0,2,8,0,8,45,1.8125
21.28113,-157.73244,P0767,9,2025,,2025-09-06,e,,3,0,3,8,0,0,24,0,0,0,0,0,10,0,0,0,0,37,0,0,0,0,52,0,0,0,2,0,24,35,1.692307692
21.28122,-157.72935,P0326,4,2025,,2025-04-05,h,,2,51,68,0,0,0,0,0,2,0,0,1,0,0,0,0,0,0,0,0,9,0,0,0,0,2,0,0,10,14,2.5
21.28122,-157.72944,P0055,4,2025,,2025-04-05,h,,1,56,67,0,0,0,0,0,5,0,0,2,0,0,0,0,0,0,0,0,16,0,0,0,0,0,0,0,12,4,3
21.28122,-157.7306,P0775,7,2025,,2025-07-25,h,,0,11,12,0,0,0,0,0,4,0,0,2,0,0,0,0,0,0,0,0,0,0,6,0,0,0,9,0,56,77,2.5
21.28131,-157.72867,P0170,9,2025,,2025-09-06,a,,9,4,2,8,0,0,27,0,0,0,0,3,15,0,0,0,0,50,0,0,3,0,50,0,0,0,2,0,13,26,1.888888889
21.28131,-157.72877,P0174,9,2025,,2025-09-06,a,,8,1,2,6,0,0,8,0,0,0,0,0,3,0,0,0,0,2,0,0,0,0,16,1,0,0,7,0,66,29,1.9
21.28131,-157.72944,P0337,4,2025,,2025-04-05,h,,0,15,43,0,0,0,0,0,3,0,0,0,0,0,0,0,0,0,0,0,0,0,0,0,0,0,3,0,28,47,1.473684211
21.28131,-157.72983,P0280,6,2025,,2025-06-14,h,,0,36,41,0,8,0,0,0,4,0,0,6,0,0,0,0,0,0,0,0,0,0,0,0,0,0,24,0,26,74,5.166666667
21.28131,-157.73274,P0794,1,2025,,2025-01-27,h,,0,0,0,0,0,0,2,0,0,0,0,1,0,0,1,0,0,30,0,0,0,0,30,0,0,0,0,0,20,30,
21.2814,-157.72906,P0319,9,2025,,2025-09-06,h,,11,12,1,7,0,0,0,0,1,0,0,0,5,0,2,0,0,12,0,0,0,0,2,1,0,0,14,0,45,56,2.733333333
21.2814,-157.72915,P0236,8,2025,,2025-08-09,h,,0,15,27,0,0,0,0,0,0,0,0,3,0,0,0,0,0,0,0,0,0,0,0,0,0,0,8,0,33,91,2.033333333
21.2814,-157.72935,P0185,8,2025,,2025-08-09,h,,0,36,46,0,0,0,2,0,0,0,0,3,3,0,0,0,0,0,0,0,0,0,40,3,0,0,11,0,18,6,2
21.2814,-157.72944,P0179,8,2025,,2025-08-09,h,,0,31,74,0,0,0,0,0,0,0,0,1,0,0,0,0,0,0,0,0,0,0,20,0,0,0,21,0,24,0,
21.2814,-157.72954,P0057,8,2025,,2025-08-09,h,,0,27,34,0,0,0,0,0,1,0,0,6,2,0,0,0,0,0,0,0,0,0,15,1,0,0,20,0,31,9,2
21.2814,-157.72973,P0011,6,2025,,2025-06-14,h,,0,27,74,0,0,0,0,0,2,0,0,8,0,0,0,0,0,0,0,0,0,0,0,0,0,0,46,0,13,44,2.142857143
21.2814,-157.72983,P0013,6,2025,2010,2025-06-14,h,,0,61,97,0,0,0,0,0,5,0,0,16,0,0,0,0,0,0,0,0,0,0,0,0,0,0,55,0,6,17,3.25
21.28149,157.72915,P0803,4,2025,,2025-04-30,h,,11,49,0,2,0,0,21,0,0,0,0,15,1,0,1,0,0,9,0,0,16,0,1,4,0,0,32,0,21,73,2.318181818
21.28149,157.72925,P0804,4,2025,,2025-04-30,h,,7,37,1,0,0,0,5,0,0,0,0,5,1,0,1,0,0,4,0,0,6,0,0,1,0,0,34,0,33,92,3.380952381
21.28149,-157.72935,P0062,8,2025,,2025-08-09,h,,0,12,14,0,0,0,0,0,2,0,0,0,0,0,0,0,0,0,0,0,0,0,11,0,0,0,3,0,5,671,8.067567568
21.28149,-157.72935,P0062,8,2025,,2025-08-09,h,,0,19,39,0,0,0,0,0,0,0,0,4,0,0,0,0,0,0,0,0,1,0,20,0,0,0,30,0,32,564,13.84210526
21.28149,-157.72954,P0064,8,2025,,2025-08-09,h,,0,16,42,0,0,0,0,0,0,0,0,2,0,0,0,0,0,0,0,0,0,0,21,0,0,0,4,0,11,420,7.4
21.28149,-157.72964,P0091,3,2025,,2025-03-15,h,,0,30,60,0,0,0,0,0,0,0,0,0,0,0,0,0,0,0,0,0,0,0,0,0,0,0,30,0,20,20,
21.28149,-157.72973,P0033,3,2025,,2025-03-15,h,,30,60,0,0,0,0,0,0,0,0,0,0,0,0,0,0,0,0,0,0,0,0,0,0,0,0,30,0,20,20,
21.28149,-157.72983,P0034,3,2025,,2025-03-15,h,,0,20,60,0,0,0,0,0,0,0,0,0,0,0,0,0,0,0,0,0,0,0,0,0,0,0,30,0,20,20,
21.28149,-157.72993,P0079,3,2025,,2025-03-15,h,,0,30,70,0,0,0,0,0,0,0,0,0,0,0,0,0,0,0,0,0,0,0,0,0,0,0,35,0,15,15,
21.28149,-157.73002,P0293,4,2025,,2025-04-19,h,,0,60,75,0,0,0,0,0,0,0,0,5,0,0,0,0,0,0,0,0,0,0,0,0,0,0,15,0,10,15,
7.24,-157.73012,P0805,4,2025,2010,2025-04-19,h,,0,35,35,0,0,0,0,0,0,0,0,5,0,0,0,0,0,0,0,0,0,0,0,0,0,0,5,0,60,5,
21.28158,-157.72964,P0087,3,2025,,2025-03-15,h,,0,0,20,0,0,0,0,0,0,0,0,0,0,0,0,0,0,0,0,0,0,0,0,0,0,0,10,0,10,70,
21.28158,-157.72973,P0081,3,2025,,2025-03-15,h,,0,15,20,0,0,0,0,0,0,0,0,0,0,0,0,0,0,0,0,0,0,0,0,0,0,0,15,0,10,70,
21.28158,-157.72983,P0078,3,2025,,2025-03-15,h,,0,15,30,0,0,0,0,0,0,0,0,0,0,0,0,0,0,0,0,0,0,0,0,0,0,0,15,0,10,60,
21.28158,-157.72993,P0080,3,2025,,2025-03-15,h,,0,20,60,0,0,0,0,0,0,0,0,0,0,0,0,0,0,0,0,0,0,0,0,0,0,0,20,0,10,30,
21.28158,-157.73002,P0065,4,2025,,2025-04-19,h,,0,25,85,0,0,0,0,0,0,0,0,5,0,0,0,0,0,0,0,0,0,0,0,0,0,0,5,0,2,8,
21.28158,-157.73012,P0066,4,2025,,2025-04-19,h,,0,40,70,0,0,0,0,0,0,0,0,0,0,0,0,0,0,0,0,0,0,0,0,0,0,0,5,0,10,20,
21.28158,-157.73041,P0037,5,2025,2010,2025-05-17,h,,0,1,33,0,0,0,0,0,0,0,0,0,0,0,0,0,0,0,0,0,0,0,0,0,0,0,8,0,8,219,2.775862069
21.28158,-157.7305,P0813,5,2025,2010,2025-05-17,h,,0,5,55,0,0,0,0,0,0,0,0,0,0,0,0,0,0,0,0,0,0,0,0,0,0,0,21,0,18,93,2.875
21.28158,-157.7306,P0186,5,2025,2010,2025-05-17,h,,0,7,61,0,0,0,0,0,0,0,0,0,0,0,0,0,0,0,0,0,0,0,0,0,0,0,19,0,9,74,2.083333333
21.28158,-157.73089,P0814,3,2025,,2025-03-03,h,,1,25,15,0,0,0,5,0,0,0,0,0,0,0,0,0,0,0,0,0,9,0,1,0,0,0,21,0,31,87,2.954545455
21.28158,-157.73176,P0321,5,2025,,2025-05-26,h,,2,27,44,0,0,0,10,0,0,0,0,0,0,0,0,0,0,0,0,0,0,0,0,0,0,0,7,0,16,54,2.176470588
21.28158,-157.73234,P0370,2,2025,,2025-02-21,h,,17,48,3,0,0,0,25,0,0,0,0,2,1,0,0,0,0,6,0,0,17,0,5,0,0,0,48,0,6,35,1.916666667
21.28167,-157.72964,P0816,2,2025,,2025-02-21,h,,9,54,10,0,0,0,2,0,0,0,0,0,0,0,1,0,0,0,0,0,3,0,18,1,0,0,44,0,8,54,1.347826087
21.28167,-157.72983,P0124,2,2025,,2025-02-21,h,,4,10,1,0,0,0,8,0,0,0,0,0,0,0,2,0,0,0,0,0,0,0,0,0,0,0,17,0,27,142,2.155555556
21.28167,-157.73002,P0167,4,2025,,2025-04-19,h,,0,5,30,0,0,0,0,0,0,0,0,0,0,0,0,0,0,0,0,0,0,0,0,0,0,0,2,0,5,65,
21.28167,-157.73012,P0168,4,2025,,2025-04-19,h,,0,9,8,0,0,0,0,0,0,0,0,0,0,0,0,0,0,0,0,0,0,0,0,0,0,0,1,0,0,80,
21.28167,-157.73041,P0090,5,2025,,2025-05-17,h,,0,18,70,5,0,0,0,0,0,0,0,0,0,0,0,0,0,0,0,0,0,0,1,0,0,0,32,0,13,9,1.25
21.28167,-157.7305,P0817,5,2025,,2025-05-17,e,,0,18,34,0,0,0,0,0,0,0,0,0,0,0,0,0,0,0,0,0,0,0,1,0,0,0,20,0,26,89,2.178571429
21.28167,-157.7306,P0272,5,2025,,2025-05-17,h,,0,25,60,0,0,0,0,0,0,0,0,0,0,0,0,0,0,0,0,0,0,0,0,0,0,0,31,0,35,14,2.5
21.28167,-157.73244,P0373,5,2025,,2025-05-26,h,,1,32,65,0,0,0,5,0,0,0,0,0,0,0,0,0,0,0,0,0,1,0,0,0,0,0,22,0,8,12,3
21.28167,-157.73253,P0378,2,2025,,2025-02-21,h,,5,43,7,1,0,0,1,0,0,0,0,0,0,0,0,0,0,0,0,0,9,0,0,0,0,0,40,0,21,102,2.517241379
21.28176,157.71949,P0822,5,2025,,2025-05-02,ae,,2,1,2,0,0,0,10,0,1,0,0,0,0,0,0,0,0,0,0,0,0,0,0,0,0,0,14,0,38,128,2.2
21.28176,157.71968,P0823,5,2025,,2025-05-02,ae,,2,5,1,0,0,0,9,0,0,0,0,0,0,0,2,0,0,0,0,0,0,0,0,0,0,0,18,0,32,133,2.243902439
21.28185,157.71959,P0832,5,2025,,2025-05-02,ae,,5,6,1,0,0,0,14,0,0,0,0,0,0,0,0,0,0,1,0,0,0,0,0,0,0,0,12,0,24,182,2.872340426
21.28338,-157.71968,P0191,2,2025,,2025-02-07,h,,0,16,72,1,0,0,0,0,0,0,0,0,0,0,1,0,0,0,0,0,0,0,15,0,0,0,3,0,8,14,
21.28338,-157.71978,P0019,2,2025,,2025-02-07,h,,2,10,25,1,0,0,0,0,0,0,0,0,0,0,0,0,0,0,0,0,1,0,10,0,0,0,3,0,12,12,
21.28338,-157.71988,P0868,2,2025,,2025-02-07,h,,0,0,85,0,0,0,0,0,0,0,1,0,0,0,0,0,0,0,0,0,0,0,2,0,0,0,0,0,5,2,
21.28338,-157.71997,P0116,2,2025,,2025-02-07,h,,0,2,81,0,0,0,0,0,0,0,0,0,0,0,0,0,0,0,0,0,0,0,2,0,0,0,0,0,7,9,
21.28356,-157.71949,P0874,2,2025,,2025-02-27,h,,1,50,80,0,0,0,0,0,0,0,0,0,0,0,0,0,0,0,0,0,0,0,0,0,0,0,20,0,10,10,
21.28356,-157.71959,P0875,2,2025,,2025-02-26,h,,20,67,0,0,0,0,0,0,0,0,0,0,0,0,0,0,0,0,0,0,4,0,0,0,0,0,28,0,8,51,2.642857143
21.28356,-157.71978,P0070,2,2025,,2025-02-25,h,,0,20,40,0,0,0,0,0,0,0,0,0,0,0,0,0,0,0,0,0,0,0,0,0,0,0,10,0,15,25,
21.28365,-157.7193,P0361,3,2025,,2025-03-14,h,,0,0,90,0,0,0,0,0,0,0,0,0,0,0,0,0,0,0,0,0,0,0,0,0,0,0,0,0,8,2,
21.28365,-157.71939,P0312,3,2025,,2025-03-14,h,,0,1,60,1,0,0,0,0,0,0,0,0,0,0,0,0,0,0,0,0,1,0,1,0,0,0,10,0,10,20,
21.28365,-157.71949,P0313,3,2025,,2025-03-14,h,,0,0,40,0,0,0,0,0,0,0,0,0,0,0,0,0,0,0,0,0,0,0,0,0,0,0,15,0,15,45,
21.28365,-157.71959,P0878,2,2025,,2025-02-27,h,,0,30,50,0,0,0,0,0,0,0,0,0,0,0,0,0,0,0,0,0,0,0,0,0,0,1,50,0,10,25,
21.28365,-157.71988,P0023,2,2025,,2025-02-25,h,,0,10,40,0,0,0,0,0,0,0,0,0,0,0,0,0,0,0,0,0,0,0,0,0,0,0,10,0,15,25,
,-157.7193,P0880,3,2025,,2025-03-14,h,,0,0,35,0,0,0,0,0,0,0,0,0,0,0,0,0,0,0,0,0,0,0,0,0,0,0,15,0,25,25,
21.28374,-157.71939,P0881,3,2025,,2025-03-14,h,,0,0,90,0,0,0,0,0,0,0,0,0,0,0,0,0,0,0,0,0,0,0,0,0,0,0,0,0,5,0,
21.28374,-157.71949,P0882,3,2025,,2025-03-14,h,,0,5,15,0,0,0,0,0,0,0,0,0,0,0,0,0,0,0,0,0,0,0,0,0,0,0,60,0,0,4,
21.28383,-157.7193,P0885,3,2025,,2025-03-12,h,,0,10,50,0,0,0,0,0,0,0,0,0,0,0,0,0,0,0,0,0,0,0,0,0,0,0,20,0,15,25,
21.28383,-157.71978,P0887,4,2025,,2025-04-15,h,,0,0,82,0,0,0,0,0,2,0,0,0,0,0,0,0,0,0,0,0,0,0,0,0,0,0,73,0,5,41,2.416666667
21.28383,-157.71988,P0383,4,2025,,2025-04-15,e,,0,1,79,0,0,0,0,0,2,0,0,0,0,0,0,0,0,0,0,0,0,0,2,0,0,0,54,0,6,60,2.157894737
21.28392,-157.7193,P0890,3,2025,,2025-03-12,h,,0,0,70,0,0,0,0,0,0,0,0,0,0,0,0,0,0,0,0,0,0,0,0,0,0,0,0,0,10,20,
,-157.71978,P0891,4,2025,,2025-04-15,h,,0,0,92,0,0,0,0,0,0,0,0,0,0,0,0,0,0,0,0,0,0,0,1,0,0,0,78,0,2,6,1
21.28392,-157.71988,P0892,4,2025,,2025-04-15,h,,0,2,76,0,0,0,0,0,2,0,0,0,0,0,0,0,0,0,0,0,0,0,5,0,0,0,55,0,6,41,1.733333333
21.28401,-157.7193,P0895,3,2025,,2025-03-12,h,,0,0,60,0,0,0,0,0,0,0,0,0,0,0,0,0,0,0,0,0,0,0,0,0,0,0,0,0,15,25,
21.28401,-157.71997,P0161,4,2025,,2025-04-02,h,,0,0,50,0,0,0,0,0,0,0,0,0,0,0,0,0,0,0,0,0,0,0,0,0,0,0,50,0,40,5,
21.28401,-157.72007,P0897,4,2025,,2025-04-02,h,,0,0,50,0,0,0,0,0,0,0,0,0,0,0,0,0,0,0,0,0,0,0,0,0,0,0,50,0,40,10,
21.28401,-157.72017,P0898,4,2025,,2025-04-02,h,,0,0,30,0,0,0,0,0,0,0,0,0,0,0,0,0,0,0,0,0,0,0,0,0,0,0,20,0,40,20,
21.2841,-157.7193,P0902,3,2025,,2025-03-12,h,,0,0,60,0,0,0,0,0,0,0,0,0,0,0,0,0,0,0,0,0,0,0,0,0,0,0,0,0,20,20,
21.2841,-157.71997,P0908,4,2025,,2025-04-02,e,,0,0,30,0,0,0,0,0,0,0,0,0,0,0,0,0,0,0,0,0,0,0,0,0,0,0,15,0,40,10,
21.2841,-157.72007,P0909,4,2025,,2025-04-02,e,,0,0,25,0,0,0,0,0,0,0,0,0,0,0,0,0,0,0,0,0,0,0,0,0,0,0,10,0,55,10,
21.2,-157.7,P0010,2,2025,2010,2025-02-04,h,,0,25,0,0,0,0,0,0,0,0,0,0,0,0,0,0,0,20,0,0,0,0,30,0,0,0,10,0,20,30,
21.28149,-157.7307,P0094,2,2025,2011,2025-02-24,h,,0,50,0,0,0,0,5,0,0,0,0,0,0,0,0,0,0,0,0,0,0,0,0,0,0,0,10,0,30,20,
21.28113,-157.72848,P0128,3,2025,,2025-03-01,h,,20,40,0,0,0,0,0,0,0,0,0,0,0,0,0,0,0,1,0,0,0,0,30,0,0,1,0,0,10,40,
21.27933,-157.73224,P0419,2,2025,,2025-02-24,e,,10,15,1,0,0,0,0,0,0,0,0,0,0,0,0,0,0,5,0,0,0,0,0,0,0,0,5,0,0,80,
21.2896,-157.72307,P0424,2,2025,,2025-02-13,e,,25,1,0,0,0,0,0,0,0,0,0,0,0,0,0,0,0,10,0,0,5,0,0,0,0,0,1,0,25,25,
21.2796,-157.72693,P0425,2,2025,,2025-02-13,e,,30,10,0,0,0,0,1,0,0,0,0,0,0,0,0,0,0,0,10,0,0,0,0,0,0,0,0,0,25,25,
21.2796,-157.72722,P0426,2,2025,,2025-02-13,e,,10,0,0,0,0,0,0,0,0,0,0,0,0,0,0,0,0,5,20,0,0,0,0,0,0,0,0,0,35,35,
21.27969,-157.72703,P0429,2,2025,,2025-02-13,a,,20,0,0,0,0,0,0,0,20,0,0,0,0,0,0,0,0,0,10,0,10,0,0,0,0,0,0,0,30,30,
21.27969,-157.72712,P0430,3,2025,,2025-03-17,ae,,0,2,1,0,0,0,0,0,0,0,0,0,0,0,0,0,0,1,0,0,0,0,0,10,0,0,0,0,28,239,3.120689655
21.27978,-157.73079,P0436,2,2025,,2025-02-10,a,,10,0,0,1,0,0,0,0,5,0,0,0,0,0,0,0,0,0,0,0,0,0,0,0,0,0,0,0,10,70,
21.27987,-157.72693,P0440,2,2025,,2025-02-13,a,,20,15,2,0,0,0,0,0,0,0,0,0,0,0,0,0,0,20,0,0,10,0,0,0,0,0,0,0,20,40,
21.27987,-157.72712,P0441,2,2025,,2025-02-13,ae,,8,0,0,0,0,0,0,0,0,0,0,0,0,0,0,0,0,0,0,0,0,0,0,0,0,5,0,0,40,50,
21.27987,-157.72857,P0445,3,2025,,2025-03-01,ae,,0,75,5,0,0,0,0,0,0,0,0,0,0,0,0,0,0,0,0,0,0,0,0,0,0,0,0,0,5,15,
21.27987,-157.73079,P0446,3,2025,,2025-03-01,ae,,0,55,0,0,0,0,0,0,0,0,0,0,0,0,0,0,0,0,0,0,5,0,0,0,0,5,0,0,20,20,
21.27987,-157.73195,P0447,3,2025,,2025-03-01,e,,0,70,0,0,0,0,0,0,0,0,0,0,0,0,0,0,0,0,0,0,5,0,0,0,0,1,0,0,5,25,
21.27987,-157.73224,P0448,3,2025,,2025-03-19,a,,0,5,0,0,0,0,0,0,10,0,0,2,0,0,0,0,0,0,0,0,0,0,0,0,0,0,0,0,0,90,
21.27996,-157.72703,P0451,2,2025,,2025-02-13,bqen,,16,1,0,0,0,0,0,0,0,0,0,1,0,0,0,0,0,0,0,0,4,0,0,0,0,0,0,0,12,48,
21.27996,-157.73195,P0454,2,2025,,2025-02-10,e,,3,3,0,0,0,0,1,0,0,0,0,0,0,0,0,0,0,1,0,0,0,0,0,0,0,0,0,0,0,95,
21.27996,-157.73224,P0455,3,2025,,2025-03-19,a,,0,5,0,0,0,0,0,0,20,0,0,2,0,0,0,0,0,0,0,0,0,0,0,0,0,0,2,0,10,70,
21.28005,-157.73157,P0459,2,2025,,2025-02-10,e,,1,1,0,1,0,0,3,0,0,0,0,0,0,0,0,0,0,1,0,0,0,0,0,0,0,0,0,0,0,98,
21.28005,-157.73224,P0334,3,2025,,2025-03-19,a,,0,20,5,0,0,0,0,2,35,0,0,0,0,0,0,0,0,0,0,0,0,0,0,0,0,0,2,0,0,60,
21.28014,-157.73224,P0335,3,2025,,2025-03-19,h,,0,30,10,0,0,0,0,0,0,0,0,0,0,0,0,0,0,0,0,0,20,0,0,0,0,0,0,0,30,25,
21.28014,-157.73234,P0465,3,2025,,2025-03-19,a,,15,0,0,0,0,0,0,0,0,0,5,0,0,0,0,0,0,5,0,5,0,0,0,0,0,0,5,0,5,50,
21.28023,-157.7279,P0468,2,2025,,2025-02-14,e,,0,2,0,0,0,0,0,0,0,0,0,0,0,0,0,0,0,0,0,0,0,0,0,2,0,0,0,0,5,90,
21.28023,-157.73166,P0474,3,2025,,2025-03-19,e,,0,30,0,0,0,0,0,0,0,0,0,0,0,0,0,0,0,0,0,0,30,0,0,0,0,5,5,0,40,10,
21.28032,-157.72693,P0479,2,2025,,2025-02-04,a,,0,0,0,0,0,0,0,0,0,0,0,0,0,0,0,0,0,50,0,0,0,0,1,0,0,0,0,0,10,40,
21.28032,-157.73195,P0499,2,2025,,2025-02-04,e,,20,10,0,0,0,0,0,0,0,0,0,0,0,0,0,0,0,20,0,0,0,0,0,0,0,0,0,0,30,30,
21.28032,-157.73321,P0503,2,2025,,2025-02-04,E,,0,30,0,0,0,0,0,0,0,0,0,0,0,0,0,0,0,50,0,0,0,0,30,3,0,0,30,0,10,30,
21.28041,-157.7278,P0504,2,2025,2011,2025-02-04,a,,0,5,0,0,0,0,0,0,0,0,0,0,0,0,0,0,0,50,0,0,0,0,1,0,0,0,0,0,10,40,
21.28041,-157.7307,P0512,4,2025,2010,2025-04-19,h,,0,20,30,0,0,0,0,0,0,0,0,0,0,0,0,0,0,0,0,0,0,0,2,0,0,5,0,0,20,40,
21.28041,-157.73166,P0517,4,2025,,2025-04-05,e,,5,24,0,0,0,0,5,0,0,0,0,0,0,0,0,0,0,5,0,0,5,0,0,0,0,0,0,0,55,15,
21.2805,-157.72809,P0527,2,2025,,2025-02-04,n,,0,15,0,0,0,0,0,0,0,0,0,0,0,0,0,0,0,20,0,0,0,0,20,0,0,0,20,0,20,30,
21.2805,-157.7306,P0540,3,2025,2010,2025-03-01,h,,1,40,10,0,0,0,0,0,0,0,0,0,0,0,0,0,0,0,0,0,0,0,20,0,0,2,0,0,40,10,
21.2805,-157.7307,P0541,3,2025,2010,2025-03-01,h,,0,25,1,0,0,0,0,0,0,0,0,0,0,0,0,0,0,0,0,0,0,0,25,0,0,0,1,0,40,0,
21.2805,-157.73244,P0551,2,2025,,2025-02-04,e,,10,40,0,0,0,0,0,0,0,0,0,0,0,0,0,0,0,60,0,0,0,0,10,0,0,0,0,0,15,15,
21.28059,-157.73012,P0566,3,2025,2011,2025-03-03,a,,5,40,0,0,0,0,2,0,0,0,0,0,0,0,0,0,0,0,0,0,0,0,0,0,0,10,0,0,40,20,
21.28059,-157.73021,P0567,7,2025,2011,2025-07-12,a,,0,10,0,0,0,0,3,0,1,0,1,1,1,0,0,0,0,2,0,0,0,0,4,0,0,1,0,0,36,10,2.333333333
21.28059,-157.7307,P0572,3,2025,2010,2025-03-01,h,,0,60,0,0,0,0,1,0,0,0,0,0,0,0,0,0,0,0,0,0,0,0,0,0,0,15,0,0,15,25,
21.28059,-157.73157,P0576,4,2025,,2025-04-05,e,,0,25,0,0,0,0,12,0,0,0,0,25,0,0,0,0,0,12,0,0,0,0,0,0,0,5,0,0,55,5,
21.28059,-157.73166,P0577,4,2025,,2025-04-05,e,,5,35,5,0,0,0,1,0,2,0,0,0,1,0,0,0,0,0,0,0,10,0,0,0,0,1,0,0,15,40,
21.28068,-157.73021,P0282,7,2025,2011,2025-07-12,h,,3,34,1,0,0,0,9,0,0,0,0,2,1,0,0,0,0,6,0,0,0,0,9,1,0,10,3,0,49,13,3.333333333
21.28068,-157.7307,P0137,4,2025,2010,2025-04-11,h,,0,42,5,0,0,0,3,0,6,0,1,2,0,0,0,0,0,3,0,0,8,0,0,0,0,0,0,0,35,28,2.111111111
21.28068,-157.73108,P0611,3,2025,2011,2025-03-25,a,,0,40,10,0,0,0,0,0,0,0,0,0,0,0,0,0,0,10,0,0,0,0,0,0,0,0,0,0,20,20,
21.28068,-157.73137,P0613,3,2025,,2025-03-19,ae,,0,0,0,0,0,0,0,0,0,0,0,0,0,0,0,0,0,0,0,0,0,0,0,0,0,0,0,0,0,0,
21.28068,-157.73147,P0614,4,2025,,2025-04-19,ae,,0,50,0,0,0,0,5,0,0,0,0,0,0,0,0,0,0,0,0,0,0,0,10,0,0,5,0,0,25,25,
21.28077,-157.72828,P0629,3,2025,2010,2025-03-17,e,,0,25,0,0,0,0,2,0,0,0,0,0,0,0,0,0,0,0,0,0,0,0,0,0,0,2,20,0,35,35,
21.28077,-157.72848,P0631,3,2025,2010,2025-03-17,h,,0,20,0,0,0,0,0,0,0,0,0,0,0,0,0,0,0,5,0,0,0,0,0,0,0,0,15,0,35,40,
21.28077,-157.72896,P0634,3,2025,,2025-03-01,h,,0,40,0,0,0,0,0,0,0,0,0,0,0,0,0,0,0,0,0,0,0,0,10,0,0,0,40,0,10,10,
21.28077,-157.72944,P0636,6,2025,2010,2025-06-26,e,,0,14,0,0,0,0,5,0,0,0,0,0,0,0,0,0,0,0,0,0,0,0,1,0,0,0,0,0,43,132,3
21.28077,-157.73012,P0210,7,2025,2011,2025-07-12,h,,2,34,1,0,0,0,0,0,0,0,2,2,0,0,0,0,0,9,0,0,0,0,0,6,0,8,9,0,41,18,2
21.28077,-157.73021,P0639,7,2025,2011,2025-07-12,h,,0,10,0,0,0,0,2,0,4,0,1,0,0,0,0,0,0,0,0,0,0,0,4,0,0,5,0,0,80,37,1.466666667
21.28077,-157.73031,P0283,7,2025,,2025-07-12,h,,0,5,0,0,0,0,1,0,0,0,0,1,0,0,0,0,0,1,0,0,0,0,1,0,0,3,2,0,77,20,1.5
21.28077,-157.7307,P0642,4,2025,2010,2025-04-11,h,,0,20,2,0,0,0,5,0,8,0,0,0,0,0,0,0,0,4,0,0,4,0,0,0,0,1,0,0,58,12,2
21.28077,-157.73108,P0645,8,2025,2011,2025-08-26,a,,1,17,3,0,0,0,3,0,0,0,0,0,0,0,1,0,0,6,0,0,0,0,20,0,0,0,1,0,43,110,3.074074074
21.28077,-157.73128,P0647,3,2025,,2025-03-19,ae,,0,10,2,0,0,0,5,0,0,0,0,0,0,0,0,0,0,0,0,0,0,0,0,0,0,0,3,0,15,5,
21.28077,-157.73263,P0656,2,2025,,2025-02-04,E,,10,0,0,1,0,0,0,0,0,0,0,0,0,0,0,0,0,35,0,0,0,0,40,0,0,0,0,0,20,40,
21.28086,-157.72828,P0660,3,2025,2010,2025-03-17,h,,0,25,0,0,0,0,0,0,0,0,0,0,0,0,0,0,0,0,0,0,0,0,0,0,0,5,20,0,50,25,
21.28086,-157.7305,P0670,4,2025,2010,2025-04-09,h,,2,12,4,0,0,0,0,0,0,0,0,0,0,0,0,0,0,2,0,0,1,0,0,0,0,0,1,0,30,341,5.433962264
21.28086,-157.7306,P0671,4,2025,2010,2025-04-09,h,,0,20,9,0,0,0,2,0,0,0,0,0,0,0,0,0,0,0,0,0,2,0,0,1,0,1,0,0,63,16,2.2
21.28086,-157.73253,P0375,2,2025,,2025-02-04,h,,20,0,1,0,0,0,0,0,0,0,0,0,0,0,0,0,0,30,0,0,0,0,30,0,0,0,0,0,10,60,
21.28086,-157.73263,P0379,2,2025,,2025-02-15,h,,0,0,0,0,0,0,0,0,0,0,0,0,0,0,0,0,0,39,0,0,0,0,1,0,1,0,2,0,24,163,3.939393939
21.28086,-157.73273,P0380,2,2025,,2025-02-15,h,,4,0,1,0,0,0,0,0,0,0,0,0,0,0,0,0,0,36,0,0,0,0,0,0,0,0,0,0,38,53,1.65
21.28086,-157.73282,P0381,2,2025,,2025-02-15,E,,7,2,0,0,0,0,0,0,0,0,0,0,0,0,0,0,0,45,0,0,0,0,0,0,0,0,0,0,45,11,1.75
21.28086,-157.73302,P0685,2,2025,,2025-02-15,e,,4,2,0,0,0,0,4,0,1,0,0,0,1,0,0,0,0,7,0,0,0,0,0,0,0,0,8,0,55,29,2.222222222
21.28095,-157.72761,P0686,2,2025,,2025-02-15,h,,1,1,0,0,0,0,0,0,0,0,1,0,0,0,0,0,0,1,0,0,0,0,0,1,0,0,22,0,64,27,2.857142857
21.28095,-157.73108,P0703,3,2025,2011,2025-03-19,h,,2,40,2,0,0,0,2,0,0,0,0,0,0,0,0,0,0,2,0,0,1,0,10,0,0,2,0,0,20,10,
21.28095,-157.73118,P0704,3,2025,2010,2025-03-19,h,,2,20,1,0,0,0,1,0,0,0,2,0,0,0,0,0,0,0,0,0,11,0,0,1,0,1,0,0,53,108,4.142857143
21.28095,-157.73176,P0709,6,2025,,2025-06-27,e,,1,35,0,0,0,0,13,0,0,0,0,1,4,0,0,0,0,18,0,0,0,0,13,0,0,0,4,0,45,18,1.571428571
21.28095,-157.73253,P0376,2,2025,,2025-02-04,h,,10,0,0,0,0,0,0,0,0,0,0,0,0,0,0,0,0,40,0,0,0,0,50,0,0,0,0,0,25,25,
21.28104,-157.72799,P0715,5,2025,,2025-05-15,e,,24,83,38,0,0,0,0,0,0,0,0,0,0,0,1,0,0,71,0,0,5,0,5,0,0,0,77,0,13,0,
21.28104,-157.72944,P0725,3,2025,2010,2025-03-01,h,,0,40,10,0,0,0,0,0,0,0,0,0,0,0,0,0,0,0,0,0,0,0,20,0,0,0,30,0,20,30,
21.28104,-157.7306,P0729,7,2025,2010,2025-07-25,h,,0,7,11,0,0,0,10,0,2,0,0,6,0,0,0,0,0,0,0,0,2,0,9,0,0,0,5,0,56,45,2.75
21.28104,-157.73176,P0737,3,2025,,2025-03-19,e,,3,10,2,0,0,0,0,0,0,0,0,0,0,0,0,0,0,25,0,0,0,0,0,0,0,0,0,0,7,50,
21.28104,-157.73244,P0372,3,2025,,2025-03-19,h,,0,10,0,0,0,2,0,0,0,0,0,3,0,0,0,0,0,5,0,0,0,0,0,0,0,0,0,0,60,20,
21.28104,-157.73263,P0740,5,2025,,2025-05-15,e,,0,22,2,0,0,0,1,0,1,0,0,0,0,0,2,0,0,3,0,0,2,0,0,0,0,0,32,0,9,260,4
21.28104,-157.73282,P0741,5,2025,,2025-05-15,e,,9,42,32,0,0,0,1,0,1,0,0,0,0,0,0,0,0,82,0,0,10,0,0,0,0,0,82,0,2,6,2
21.28113,-157.72935,P0053,6,2025,2010,2025-06-12,h,,0,25,24,0,0,0,4,0,1,0,0,0,0,0,0,0,0,0,0,0,0,0,10,0,0,0,17,0,27,103,1.942857143
21.28113,-157.72944,P0054,4,2025,2010,2025-04-01,h,,1,10,54,0,0,0,0,0,2,0,0,0,0,0,0,0,0,0,0,0,0,0,0,0,0,0,4,0,56,22,2.142857143
21.28113,-157.72973,P0278,2,2025,2010,2025-02-20,h,,8,13,10,0,0,0,1,0,0,0,1,0,0,0,0,0,0,1,0,0,0,0,35,0,0,0,0,0,22,22,
21.28113,-157.7306,P0751,7,2025,2010,2025-07-25,q,,0,14,23,0,0,0,3,0,0,0,0,2,0,0,0,0,0,0,0,0,0,0,8,0,0,0,15,0,61,25,2.125
21.28113,-157.73166,P0761,4,2025,,2025-04-23,e,,1,5,2,0,0,0,0,0,0,0,0,1,0,0,0,0,0,4,0,0,1,0,1,0,0,0,5,0,15,65,
21.28113,-157.73224,P0765,3,2025,,2025-03-19,e,,0,20,0,0,0,0,10,0,0,0,0,0,0,0,0,0,0,10,0,0,0,0,0,0,0,0,0,0,30,30,
21.28113,-157.73244,P0767,9,2025,,2025-09-06,e,,11,4,1,4,0,0,18,0,0,0,0,0,5,0,0,0,0,55,0,0,1,0,45,0,0,1,0,0,21,19,2.166666667
21.28122,-157.72935,P0326,4,2025,,2025-04-05,h,,1,10,10,0,0,0,0,0,0,0,0,0,0,0,0,0,0,0,0,0,2,0,0,0,0,0,0,0,58,83,1.862068966
21.28122,-157.72944,P0055,4,2025,,2025-04-05,h,,0,15,34,0,0,0,0,0,0,0,0,0,0,0,0,0,0,0,0,0,0,0,0,0,0,0,0,0,44,27,1.7
21.28122,-157.7306,P0775,7,2025,,2025-07-25,h,,0,13,17,0,0,0,1,0,4,0,0,2,1,0,0,0,0,0,0,0,1,0,12,0,0,0,1,0,67,20,2.333333333
21.28122,-157.73186,P0782,3,2025,,2025-03-19,e,,0,50,3,0,0,0,2,0,0,0,0,0,0,0,0,0,0,3,0,0,0,0,0,0,0,0,0,0,20,20,
21.28122,-157.73195,P0783,3,2025,,2025-03-19,e,,0,25,0,0,0,0,10,0,0,0,0,0,0,0,0,0,0,1,0,0,0,0,1,0,0,0,0,0,50,0,
21.28122,-157.73224,P0784,3,2025,,2025-03-19,e,,2,5,2,0,0,0,20,0,0,0,0,0,0,0,0,0,0,20,0,0,0,0,0,0,0,1,0,0,20,25,
21.28131,-157.72867,P0170,9,2025,,2025-09-06,a,,7,7,5,12,0,0,11,0,0,0,0,0,5,0,1,0,0,51,0,0,3,0,25,0,0,0,3,0,35,4,1
21.28131,-157.72877,P0174,9,2025,,2025-09-06,a,,11,4,0,5,0,0,2,0,0,0,0,0,1,0,0,0,0,2,0,0,1,0,15,1,0,0,6,0,55,36,3
21.28131,-157.72944,P0337,4,2025,,2025-04-05,h,,1,6,23,0,0,0,0,0,0,0,0,0,0,0,0,0,0,1,0,0,2,0,3,0,0,0,0,0,16,57,1.590909091
21.28131,-157.72983,P0280,6,2025,,2025-06-14,h,,0,24,31,0,0,0,0,0,1,0,0,3,0,0,0,0,0,0,0,0,0,0,4,0,0,0,20,0,50,17,3.25
21.28131,-157.73195,P0792,3,2025,,2025-03-19,h,,0,30,3,0,0,0,0,0,0,0,0,0,2,0,0,0,0,30,0,0,0,0,0,0,0,0,0,0,40,20,
21.28131,-157.73215,P0793,3,2025,,2025-03-19,ae,,1,20,15,0,0,0,10,0,0,0,0,1,0,0,0,0,0,10,0,0,0,0,3,0,0,0,0,0,30,10,
21.28131,-157.73274,P0794,1,2025,,2025-01-27,h,,10,0,0,0,0,0,15,0,0,0,0,10,0,0,0,0,0,25,0,0,0,0,30,0,0,0,0,0,25,25,
21.2814,-157.72906,P0319,9,2025,,2025-09-06,h,,11,7,1,7,0,0,2,0,1,0,0,0,1,0,0,0,0,13,0,0,0,0,6,2,0,0,8,0,62,26,1.6
21.2814,-157.72915,P0236,8,2025,,2025-08-09,h,,0,16,47,0,0,0,0,0,0,0,0,0,0,0,0,0,0,0,0,0,0,0,4,0,0,0,5,0,28,21,2
21.2814,-157.72935,P0185,8,2025,,2025-08-09,h,,0,13,23,0,0,0,0,0,0,0,0,2,0,0,0,0,0,0,0,0,0,0,3,0,0,1,8,0,18,19,1.714285714
21.2814,-157.72944,P0179,8,2025,,2025-08-09,h,,0,12,36,0,0,0,0,0,0,0,0,4,0,0,0,0,0,0,0,0,0,0,7,0,0,0,5,0,50,20,1.5
21.2814,-157.72954,P0057,8,2025,,2025-08-09,h,,0,22,39,0,0,0,0,0,0,0,0,1,0,0,0,0,0,0,0,0,0,0,7,2,0,0,13,0,35,5,1.5
21.2814,-157.72973,P0011,6,2025,,2025-06-14,h,,0,0,19,0,0,0,0,0,0,0,0,1,0,0,0,0,0,0,0,0,0,0,0,0,0,0,7,0,0,208,2.781818182
21.2814,-157.72983,P0013,6,2025,2010,2025-06-14,h,,0,16,75,0,0,0,0,0,0,0,0,3,0,0,0,0,0,0,0,0,0,0,0,0,0,0,21,0,19,11,2.666666667
21.28149,157.72915,P0803,4,2025,,2025-04-30,h,,1,14,0,2,0,0,11,0,0,0,0,1,2,0,0,0,0,5,0,0,3,0,0,0,0,0,9,0,40,46,2.066666667
21.28149,157.72925,P0804,4,2025,,2025-04-30,h,,1,16,0,0,0,0,0,0,0,0,0,0,0,0,3,0,0,0,0,0,0,0,0,0,0,0,7,0,69,48,2.2
21.28149,-157.72935,P0062,8,2025,,2025-08-09,h,,0,3,16,0,0,0,0,0,0,0,0,2,0,0,0,0,0,0,0,0,1,0,0,0,0,0,3,0,10,675,8
21.28149,-157.72935,P0062,8,2025,,2025-08-09,h,,0,2,9,0,0,0,0,0,0,0,0,0,0,0,0,0,0,0,0,0,0,0,1,0,0,0,2,0,33,574,12.66666667
21.28149,-157.72954,P0064,8,2025,,2025-08-09,h,,0,7,28,0,0,0,0,0,0,0,0,3,0,0,0,0,0,0,0,0,0,0,1,0,0,0,13,0,10,451,6.912280702
21.28149,-157.72964,P0091,3,2025,,2025-03-15,h,,0,3,35,0,0,0,0,0,0,0,0,0,0,0,0,0,0,0,0,0,0,0,0,0,0,0,2,0,0,30,
21.28149,-157.72973,P0033,3,2025,,2025-03-15,h,,0,5,55,0,0,0,0,0,0,0,0,0,0,0,0,0,0,0,0,0,0,0,0,0,0,0,5,0,20,25,
21.28149,-157.72983,P0034,3,2025,,2025-03-15,h,,0,0,40,0,0,0,0,0,0,0,0,0,0,0,0,0,0,0,0,0,0,0,0,0,0,0,2,0,5,30,
21.28149,-157.72993,P0079,3,2025,,2025-03-15,h,,0,10,30,0,0,0,0,0,0,0,0,0,0,0,0,0,0,0,0,0,0,0,0,0,0,0,5,0,30,40,
21.28149,-157.73002,P0293,4,2025,,2025-04-19,h,,0,50,70,0,0,0,0,0,0,0,0,0,0,0,0,0,0,0,0,0,0,0,0,0,0,0,0,0,15,5,
7.24,-157.73012,P0805,4,2025,2010,2025-04-19,h,,0,30,30,0,0,0,0,0,0,0,0,0,0,0,0,0,0,0,0,0,0,0,0,0,0,0,0,0,65,5,
21.28158,-157.72944,P0812,3,2025,,2025-03-19,h,,0,3,0,0,0,0,2,0,0,0,0,0,0,0,0,0,0,4,0,0,0,0,1,0,0,0,0,0,20,60,
21.28158,-157.72964,P0087,3,2025,,2025-03-15,h,,0,0,10,0,0,0,0,0,0,0,0,0,0,0,0,0,0,0,0,0,0,0,0,0,0,0,0,0,10,70,
21.28158,-157.72973,P0081,3,2025,,2025-03-15,h,,0,2,13,0,0,0,0,0,0,0,0,0,0,0,0,0,0,0,0,0,0,0,0,0,0,0,0,0,15,70,
21.28158,-157.72983,P0078,3,2025,,2025-03-15,h,,0,10,20,0,0,0,0,0,0,0,0,0,0,0,0,0,0,0,0,0,0,0,0,0,0,0,0,0,15,60,
21.28158,-157.72993,P0080,3,2025,,2025-03-15,h,,0,15,60,0,0,0,0,0,1,0,0,0,0,0,0,0,0,0,0,0,0,0,0,0,0,0,5,0,20,50,
21.28158,-157.73002,P0065,4,2025,,2025-04-19,h,,0,10,80,0,0,0,0,0,0,0,0,0,0,0,0,0,0,0,0,0,0,0,0,0,0,0,0,0,10,10,
21.28158,-157.73012,P0066,4,2025,,2025-04-19,h,,0,40,65,0,0,0,0,0,0,0,0,0,0,0,0,0,0,0,0,0,0,0,0,0,0,0,0,0,10,20,
21.28158,-157.73041,P0037,5,2025,2010,2025-05-23,h,,0,0,5,0,0,0,0,0,0,0,0,0,0,0,0,0,0,0,0,0,0,0,0,0,0,0,5,0,5,50,
21.28158,-157.7305,P0813,5,2025,2010,2025-05-17,h,,0,3,29,0,0,0,0,0,0,0,0,0,0,0,0,0,0,0,0,0,0,0,0,0,0,0,2,0,27,132,2.142857143
21.28158,-157.7306,P0186,5,2025,2010,2025-05-17,h,,0,0,27,0,0,0,0,0,0,0,0,0,0,0,0,0,0,0,0,0,0,0,0,0,0,0,1,0,27,124,2.179487179
21.28158,-157.73089,P0814,3,2025,,2025-03-03,h,,0,7,4,0,0,0,10,0,0,0,0,0,0,0,0,0,0,0,0,0,3,0,0,0,0,0,4,0,28,165,2.510638298
21.28158,-157.73176,P0321,5,2025,,2025-05-26,h,,1,22,24,0,0,0,8,0,0,0,0,1,0,0,0,0,0,0,0,0,0,0,0,0,0,0,12,0,0,62,1.818181818
21.28158,-157.73234,P0370,2,2025,,2025-02-21,h,,4,18,0,0,0,0,7,0,0,0,0,2,2,0,0,0,0,5,0,0,4,0,1,3,0,0,21,0,55,55,1.619047619
21.28167,-157.72964,P0816,2,2025,,2025-02-21,h,,0,18,1,0,0,0,0,0,0,0,0,0,0,0,0,0,0,1,0,0,0,0,0,0,0,0,11,0,55,78,2
21.28167,-157.72983,P0124,2,2025,,2025-02-21,h,,3,11,0,0,0,0,2,0,0,0,0,0,0,0,0,0,0,1,0,0,0,0,0,0,0,0,10,0,28,181,2.290909091
21.28167,-157.73002,P0167,4,2025,,2025-04-19,h,,0,5,20,0,0,0,0,0,0,0,0,0,0,0,0,0,0,0,0,0,0,0,0,0,0,0,5,0,0,60,
21.28167,-157.73012,P0168,4,2025,,2025-04-19,h,,0,5,10,0,0,0,0,0,0,0,0,0,0,0,0,0,0,0,0,0,0,0,0,0,0,0,2,0,83,2,
21.28167,-157.73021,P0088,3,2025,,2025-03-03,h,,0,10,20,0,0,0,0,0,0,0,0,0,0,0,0,0,0,0,0,0,0,0,0,0,0,0,15,0,10,50,
21.28167,-157.73041,P0090,5,2025,,2025-05-17,h,,0,0,5,0,0,0,0,0,0,0,0,0,0,0,0,0,0,0,0,0,0,0,0,0,0,0,0,0,50,151,2.081632653
21.28167,-157.7305,P0817,5,2025,,2025-05-17,e,,0,1,6,0,0,0,0,0,0,0,0,0,0,0,0,0,0,0,0,0,0,0,0,0,0,0,0,0,30,204,2.290322581
21.28167,-157.7306,P0272,5,2025,,2025-05-17,h,,0,0,10,0,0,0,0,0,0,0,0,0,0,0,0,0,0,0,0,0,0,0,0,0,0,0,0,0,29,189,2.25862069
21.28167,-157.7307,P0818,3,2025,,2025-03-01,h,,0,30,30,0,0,0,0,0,0,0,0,0,0,0,0,0,0,0,0,0,0,0,5,0,0,0,20,0,15,35,
21.28167,-157.73244,P0373,5,2025,,2025-05-26,h,,0,23,57,0,0,0,0,0,0,0,0,0,0,0,0,0,0,0,0,0,1,0,1,0,0,0,18,0,20,10,1.5
21.28167,-157.73253,P0378,2,2025,,2025-02-21,h,,5,62,10,3,0,0,0,0,0,0,0,0,0,0,0,0,0,0,0,0,13,0,3,0,0,0,49,0,24,21,1.625
21.28176,157.71949,P0822,5,2025,,2025-05-02,ae,,2,6,0,0,0,0,2,0,0,0,0,0,0,0,0,0,0,0,0,0,0,0,0,0,0,0,5,0,54,103,2.322580645
21.28176,157.71968,P0823,5,2025,,2025-05-02,ae,,0,0,0,0,0,0,0,0,0,0,0,0,0,0,0,0,0,0,0,0,0,0,0,0,0,0,0,0,32,236,2.371428571
21.28176,-157.73099,P0829,3,2025,,2025-03-19,h,,0,5,10,0,0,0,0,0,0,0,0,0,0,0,0,0,0,0,0,0,0,0,0,0,0,0,5,0,10,85,
21.28185,157.71959,P0832,5,2025,,2025-05-02,ae,,1,0,0,0,0,0,1,0,0,0,0,0,0,0,0,0,0,1,0,0,0,0,0,0,0,0,1,0,23,231,2.3
21.28194,157.71988,P0842,4,2025,,2025-04-22,ae,,0,20,10,0,0,0,0,0,0,0,0,25,5,0,0,0,0,10,0,0,5,0,5,0,0,30,0,0,0,0,
21.28194,157.71997,P0843,4,2025,,2025-04-16,ae,,20,10,5,0,0,0,0,0,0,0,0,20,0,0,0,0,0,0,0,0,0,0,0,0,0,2,0,0,5,45,
21.28338,-157.71959,P0158,4,2025,,2025-04-16,h,,0,0,20,0,0,0,0,0,0,0,0,0,0,0,0,0,0,0,0,0,0,0,0,0,0,0,10,0,70,10,
21.28338,-157.71968,P0191,2,2025,,2025-02-07,h,,0,9,75,0,0,0,0,0,0,0,0,0,0,0,0,0,0,0,0,0,0,0,7,0,0,0,2,0,12,10,
21.28338,-157.71978,P0019,2,2025,,2025-02-07,h,,0,8,55,1,0,0,0,0,0,0,0,0,0,0,0,0,0,0,0,0,0,0,4,0,0,0,2,0,17,23,
21.28338,-157.71988,P0868,2,2025,,2025-02-07,h,,0,0,67,0,0,0,0,0,0,0,0,0,0,0,0,0,0,0,0,0,0,0,0,0,0,0,0,0,9,24,
21.28338,-157.71997,P0116,2,2025,,2025-02-07,h,,0,0,76,0,0,0,0,0,0,0,0,0,0,0,0,0,0,0,0,0,0,0,0,0,0,0,0,0,8,14,
21.28356,-157.71939,P0155,4,2025,,2025-04-16,h,,0,0,25,0,0,0,0,0,0,0,0,0,0,0,0,0,0,0,0,0,0,0,0,0,0,0,30,0,10,60,
21.28356,-157.71949,P0874,2,2025,,2025-02-27,h,,0,20,50,0,0,0,0,0,0,0,0,0,0,0,0,0,0,0,0,0,0,0,0,0,0,0,5,0,10,25,
21.28356,-157.71959,P0875,2,2025,,2025-02-26,h,,0,10,50,0,0,0,0,0,0,0,0,0,0,0,0,0,0,0,0,0,0,0,0,0,0,0,22,0,40,10,
21.28356,-157.71978,P0070,2,2025,,2025-02-25,h,,0,0,40,0,0,0,0,0,0,0,0,0,0,0,0,0,0,0,0,0,0,0,0,0,0,0,0,0,30,30,
21.28365,-157.7193,P0361,3,2025,,2025-03-14,h,,0,0,50,0,0,0,0,0,0,0,0,0,0,0,0,0,0,0,0,0,0,0,0,0,0,0,5,0,15,30,
21.28365,-157.71939,P0312,3,2025,,2025-03-14,h,,0,0,50,0,0,0,0,0,0,0,0,0,0,0,0,0,0,0,0,0,0,0,0,0,0,0,10,0,20,30,
21.28365,-157.71949,P0313,3,2025,,2025-03-14,h,,0,0,30,0,0,0,0,0,0,0,0,0,0,0,0,0,0,0,0,0,0,0,0,0,0,0,10,0,30,40,
21.28365,-157.71959,P0878,2,2025,,2025-02-27,h,,0,5,20,0,0,0,0,0,0,0,0,0,0,0,0,0,0,0,0,0,0,0,0,0,0,0,10,0,10,40,
21.28365,-157.71988,P0023,2,2025,,2025-02-25,h,,0,0,40,0,0,0,0,0,0,0,0,0,0,0,0,0,0,0,0,0,0,0,0,0,0,0,0,0,40,20,
,-157.7193,P0880,3,2025,,2025-03-14,h,,0,0,70,0,0,0,0,0,0,0,0,0,0,0,0,0,0,0,0,0,0,0,0,0,0,0,10,0,5,15,
21.28374,-157.71939,P0881,3,2025,,2025-03-14,h,,0,0,40,0,0,0,0,0,0,0,0,0,0,0,0,0,0,0,0,0,0,0,0,0,0,0,10,0,30,30,
21.28374,-157.71949,P0882,3,2025,,2025-03-14,h,,0,0,30,0,0,0,0,0,0,0,0,0,0,0,0,0,0,0,0,0,0,0,0,0,0,0,0,0,55,15,
21.28383,-157.7193,P0885,3,2025,,2025-03-12,h,,0,0,35,0,0,0,0,0,0,0,0,0,0,0,0,0,0,0,0,0,0,0,0,0,0,0,5,0,20,40,
21.28383,-157.71978,P0887,4,2025,,2025-04-15,h,,0,1,33,0,0,0,0,0,0,0,0,0,0,0,0,0,0,0,0,0,0,0,0,0,0,0,13,0,34,99,2
21.28383,-157.72017,P0889,4,2025,,2025-04-16,h,,0,0,70,0,0,0,0,0,0,0,0,0,0,0,0,0,0,0,0,0,0,0,0,0,0,0,30,0,15,5,
21.28392,-157.7193,P0890,3,2025,,2025-03-12,h,,0,0,45,0,0,0,0,0,0,0,0,0,0,0,0,0,0,0,0,0,0,0,0,0,0,0,0,0,10,35,
,-157.71978,P0891,4,2025,,2025-04-15,h,,0,0,68,0,0,0,0,0,0,0,0,0,0,0,0,0,0,0,0,0,0,0,0,0,0,0,2,0,12,46,1.421052632
21.28392,-157.71988,P0892,4,2025,,2025-04-15,h,,0,0,61,0,0,0,0,0,1,0,0,0,0,0,0,0,0,0,0,0,0,0,1,0,0,0,31,0,31,26,1.888888889
21.28401,-157.7193,P0895,3,2025,,2025-03-12,h,,0,0,50,0,0,0,0,0,0,0,0,0,0,0,0,0,0,0,0,0,0,0,0,0,0,0,0,0,25,25,
21.28401,-157.71988,P0123,4,2025,,2025-04-04,h,,0,0,40,0,0,0,0,0,0,0,0,0,0,0,0,0,0,0,0,0,0,0,0,0,0,0,20,0,30,20,
21.28401,-157.71997,P0161,4,2025,,2025-04-02,h,,0,0,35,0,0,0,0,0,0,0,0,0,0,0,0,0,0,0,0,0,0,0,0,0,0,0,5,0,50,15,
21.28401,-157.72007,P0897,4,2025,,2025-04-02,h,,0,0,40,0,0,0,0,0,0,0,0,0,0,0,0,0,0,0,0,0,0,0,0,0,0,0,15,0,35,10,
21.28401,-157.72017,P0898,4,2025,,2025-04-02,h,,0,0,30,0,0,0,0,0,0,0,0,0,0,0,0,0,0,0,0,0,0,0,0,0,0,0,30,0,30,15,
21.2841,-157.7192,P0901,3,2025,,2025-03-12,h,,0,0,80,0,0,0,0,0,0,0,0,0,0,0,0,0,0,0,0,0,0,0,0,0,0,0,20,0,15,5,
21.2841,-157.7193,P0902,3,2025,,2025-03-12,h,,0,0,50,0,0,0,0,0,0,0,0,0,0,0,0,0,0,0,0,0,0,0,0,0,0,0,0,0,25,25,
21.2841,-157.71988,P0907,4,2025,,2025-04-04,h,,0,0,40,0,0,0,0,0,0,0,0,0,0,0,0,0,0,0,0,0,0,0,0,0,0,0,30,0,30,30,
21.2841,-157.71997,P0908,4,2025,,2025-04-02,e,,0,0,50,0,0,0,0,0,0,0,0,0,0,0,0,0,0,0,0,0,0,0,0,0,0,0,20,0,35,15,
21.2841,-157.72007,P0909,4,2025,,2025-04-02,e,,0,0,25,0,0,0,0,0,0,0,0,0,0,0,0,0,0,0,0,0,0,0,0,0,0,0,5,0,50,25,
21.28419,-157.72007,P0910,4,2025,,2025-04-16,a,,0,0,10,0,0,0,0,0,0,0,0,0,0,0,0,0,0,0,0,0,0,0,0,0,0,0,5,0,80,10,
21.28419,-157.71901,P0912,4,2025,,2025-04-14,e,,0,0,60,0,0,0,0,0,0,0,0,0,0,0,0,0,0,0,0,0,0,0,0,0,0,0,40,0,10,30,
21.28419,-157.71997,P0914,3,2025,,2025-03-12,e,,0,0,40,0,0,0,0,0,0,0,0,0,0,0,0,0,0,0,0,0,0,0,0,0,0,0,0,0,30,30,
,,P0915,4,2025,,2025-04-04,,,0,0,50,0,0,0,0,0,0,0,0,0,0,0,0,0,0,0,0,0,0,0,0,0,0,0,30,0,30,20,
21.28149,-157.72964,P0091,3,2025,,2025-03-01,h,,0,40,0,0,0,0,0,0,0,0,0,0,0,0,0,0,0,0,0,0,0,0,20,0,0,0,1,0,40,10,
21.28158,-157.72964,P0087,3,2025,,2025-03-01,h,,0,50,15,0,0,0,0,0,0,0,0,0,0,0,0,0,0,0,0,0,0,0,0,0,0,0,0,0,0,40,
21.28149,-157.72973,P0033,3,2025,,2025-03-01,h,,0,40,70,0,0,0,0,0,0,0,0,0,0,0,0,0,0,0,0,0,0,0,0,0,0,0,5,0,15,15,
21.2805,-157.7279,P0092,3,2025,2011,2025-03-01,ae,,0,20,90,0,0,0,0,0,0,0,0,0,0,0,0,0,0,0,0,0,0,0,0,0,0,0,10,0,5,5,
21.28158,-157.72983,P0078,3,2025,,2025-03-12,h,,0,0,40,0,0,0,0,0,0,0,0,0,0,0,0,0,0,0,0,0,0,0,0,0,0,0,20,0,30,30,
21.28167,-157.72993,P0125,3,2025,,2025-03-03,h,,0,0,30,0,0,0,0,0,0,0,0,0,0,0,0,0,0,0,0,0,0,0,0,0,0,0,10,0,10,80,
21.28068,-157.7305,P0126,3,2025,2010,2025-03-03,ae,,0,30,50,0,0,0,0,0,0,0,0,0,0,0,0,0,0,0,0,0,0,0,0,0,0,0,30,0,10,40,
21.28113,-157.72886,P0119,5,2025,,2025-05-10,h,,0,4,80,0,0,0,0,0,0,0,0,0,0,0,0,0,0,0,0,0,0,0,0,0,0,0,0,0,15,25,
21.2814,-157.72993,P0266,6,2025,2010,2025-06-26,h,,0,25,65,0,0,0,0,0,2,0,1,7,0,0,0,0,0,0,0,0,0,0,0,0,0,0,35,0,11,34,1.833333333
21.27969,-157.73224,P0420,1,2025,,2025-01-29,e,,0,15,0,0,0,0,0,0,0,0,0,0,0,0,0,0,0,15,0,1,15,0,10,0,0,0,0,0,40,40,
21.27933,-157.73234,P0421,1,2025,,2025-01-29,e,,0,15,0,0,0,0,0,0,0,0,0,0,0,0,0,0,0,10,0,0,15,0,15,0,0,0,0,0,20,50,
21.2796,-157.72249,P0422,2,2025,,2025-02-04,e,,5,20,0,0,0,0,0,0,0,0,0,0,0,0,0,0,0,20,0,0,0,0,30,0,0,0,0,0,35,35,
21.2796,-157.72268,P0423,1,2025,,2025-01-29,e,,0,20,0,0,0,0,0,0,0,0,0,0,0,0,0,0,0,20,0,0,20,0,20,0,0,0,0,0,20,30,
21.27969,-157.72297,P0427,6,2025,,2025-06-27,e,,0,1,0,0,0,0,0,0,0,0,0,1,0,0,0,0,0,1,0,0,0,0,0,0,0,2,8,0,36,108,2
21.27969,-157.72307,P0428,6,2025,,2025-06-27,e,,1,22,0,0,0,0,0,0,3,0,0,0,0,7,0,0,0,18,0,0,0,0,3,0,0,1,0,0,24,268,3.322580645
21.27978,-157.72693,P0432,2,2025,,2025-02-10,a,,10,2,0,0,0,0,0,0,5,0,0,0,0,0,0,0,0,0,0,0,0,0,0,0,0,0,0,0,10,40,
21.27978,-157.72712,P0434,6,2025,,2025-06-27,ae,,7,0,0,1,0,0,0,0,0,0,0,0,0,0,0,0,0,1,0,0,1,0,0,0,0,0,0,0,25,218,2.353846154
21.27978,-157.72722,P0435,5,2025,,2025-05-25,h,,1,4,0,0,0,0,0,0,0,0,0,5,0,0,0,0,0,1,0,0,1,0,0,1,0,0,1,0,16,68,
21.27987,-157.72268,P0439,1,2025,,2025-01-29,e,,0,0,0,0,0,0,0,0,0,0,0,0,0,0,0,0,0,20,0,0,0,0,0,0,0,0,0,0,0,80,
21.27987,-157.72722,P0442,6,2025,,2025-06-27,h,,1,18,0,0,0,0,0,0,6,0,0,0,1,4,0,0,0,3,0,0,0,0,2,1,0,0,2,0,34,205,3.361702128
21.27987,-157.72838,P0443,2,2025,,2025-02-10,ae,,10,10,0,0,0,0,0,0,5,0,0,5,0,0,0,0,0,1,0,0,0,0,0,0,0,5,0,0,20,60,
21.27996,-157.72712,P0452,6,2025,,2025-06-27,a,,0,0,0,0,0,0,0,0,0,0,0,0,0,0,0,0,0,2,0,0,0,0,0,0,0,0,0,0,73,77,2.85
21.27996,-157.72722,P0291,5,2025,2010,2025-05-25,h,,0,10,0,0,0,0,0,0,0,0,0,1,0,0,0,0,0,1,0,0,0,0,0,1,0,0,2,0,48,35,
21.27996,-157.73079,P0453,2,2025,,2025-02-10,ae,,30,10,0,0,0,0,0,0,0,0,0,5,0,0,0,0,0,0,0,0,0,0,0,0,0,0,0,0,10,50,
21.28005,-157.72722,P0292,6,2025,2010,2025-06-27,h,,0,8,0,0,0,0,0,0,2,0,0,0,0,0,0,0,0,0,0,0,0,0,0,4,0,0,0,0,32,147,1.672727273
21.28014,-157.72722,P0462,5,2025,2010,2025-05-25,h,,0,1,0,0,0,0,4,0,0,0,0,1,0,0,0,0,0,0,0,0,0,0,0,0,0,1,1,0,10,62,
21.28014,-157.73079,P0463,5,2025,,2025-05-25,ae,,0,3,0,0,0,0,11,0,0,0,0,0,0,0,0,0,0,1,0,0,1,0,0,0,0,0,1,0,0,68,
21.28023,-157.72799,P0469,8,2025,,2025-08-23,a,,0,28,0,0,0,0,66,0,0,0,0,1,0,2,0,0,0,0,0,0,0,0,69,0,0,0,0,0,1,24,3.8
21.28023,-157.72838,P0470,8,2025,,2025-08-23,h,,0,41,0,1,0,0,4,0,0,0,0,1,0,0,0,0,0,1,0,0,0,0,19,0,0,1,0,0,55,18,3.5
21.28023,-157.72848,P0471,6,2025,,2025-06-27,h,,0,65,0,0,0,0,2,0,4,0,3,0,0,3,0,0,0,1,0,0,0,0,46,0,0,3,0,0,26,29,1.9
21.28023,-157.73234,P0477,1,2025,,2025-01-29,a,,20,0,0,0,0,0,0,0,0,0,0,0,0,0,0,0,0,35,0,0,5,0,20,0,0,0,15,0,0,60,
21.28023,-157.73321,P0478,3,2025,,2025-03-19,E,,0,0,0,0,0,0,0,0,0,0,0,0,0,0,0,0,0,10,0,0,3,0,0,0,0,2,0,0,5,75,
21.28032,-157.72722,P0481,5,2025,,2025-05-25,h,,1,6,0,0,0,0,3,0,0,0,0,1,0,0,0,0,0,1,0,1,1,0,0,0,0,0,0,0,16,56,
21.28032,-157.7278,P0482,5,2025,,2025-05-25,e,,3,11,0,0,0,0,4,0,0,0,0,0,0,0,0,0,0,1,0,0,1,0,0,0,0,1,1,0,14,68,
21.28032,-157.72799,P0484,8,2025,,2025-08-24,a,,0,62,0,0,0,0,3,0,0,0,0,2,0,0,0,0,0,1,0,0,0,0,26,0,0,1,0,0,34,30,3.285714286
21.28032,-157.72809,P0485,8,2025,,2025-08-23,e,,0,44,0,0,0,1,16,0,0,0,1,0,0,0,0,0,0,0,0,0,0,0,38,3,0,0,0,0,17,167,4.964285714
21.28032,-157.72809,P0485,6,2025,,2025-06-27,e,,1,40,0,0,0,0,0,0,0,0,2,0,0,0,0,0,0,0,0,0,0,0,0,0,0,0,2,0,53,56,2.5
21.28032,-157.72838,P0487,8,2025,,2025-08-23,h,,0,33,0,0,0,0,13,0,0,0,0,1,0,0,0,0,0,2,0,0,0,0,27,1,0,0,0,0,14,92,3.6
21.28032,-57,P0488,5,2025,,2025-05-25,h,,0,26,0,0,0,0,1,0,0,0,0,0,0,0,0,0,0,0,0,0,1,0,0,0,0,0,1,0,20,43,
21.28032,-157.73108,P0494,7,2025,2011,2025-07-25,aq,,1,18,0,0,0,0,4,0,8,0,0,0,2,0,0,0,0,2,0,0,0,0,36,0,0,1,0,0,49,27,1.454545455
21.28032,-157.73118,P0495,7,2025,2011,2025-07-25,ae,,2,1,0,0,0,0,1,0,0,0,2,0,0,0,0,0,0,1,0,0,0,0,4,1,0,0,0,0,45,153,2.326086957
21.28041,-157.72799,P0506,6,2025,,2025-06-27,a,,2,39,0,0,0,0,13,0,1,0,0,0,0,0,0,0,0,0,0,0,0,0,1,0,0,0,0,0,22,105,2.088235294
21.28041,-157.72809,P0507,6,2025,,2025-06-27,e,,1,46,0,0,0,0,12,0,1,0,0,0,0,0,0,0,0,2,0,0,0,0,12,0,0,1,1,0,34,38,1.923076923
21.28041,-157.72838,P0508,6,2025,,2025-06-27,a,,2,43,0,0,0,0,1,0,1,0,0,0,0,0,0,0,0,1,0,0,0,0,0,3,0,2,0,0,40,20,1.222222222
21.28041,-157.73012,P0299,8,2025,2011,2025-08-23,h,,2,28,0,0,0,0,13,0,0,0,0,0,0,0,0,0,0,0,0,0,0,0,20,0,0,0,0,0,30,79,2.434782609
21.28041,-157.73021,P0509,5,2025,2011,2025-05-24,h,,0,25,0,0,0,0,0,0,0,0,0,0,0,0,0,0,0,0,0,0,0,0,10,0,0,0,5,0,25,25,
21.28041,-157.73118,P0515,6,2025,,2025-06-13,ae,,0,25,1,0,0,0,8,0,0,0,0,0,0,0,0,0,0,2,0,0,0,0,3,0,0,2,0,0,28,65,3.642857143
21.28041,-157.73321,P0525,2,2025,,2025-02-04,e,,10,5,0,0,0,0,0,0,0,0,0,0,0,0,0,0,0,40,0,0,0,0,40,0,0,0,0,0,0,60,
21.2805,-157.72828,P0528,6,2025,,2025-06-27,bqen,,0,0,0,0,0,0,0,0,0,0,0,0,0,0,0,0,0,2,0,0,0,0,0,0,0,1,4,0,39,87,2.782608696
21.2805,-157.72925,P0306,5,2025,,2025-05-25,h,,0,1,4,0,0,0,1,0,0,0,0,0,0,0,0,0,0,0,0,0,0,0,0,0,0,0,0,0,14,80,
21.2805,-157.72954,P0532,6,2025,2010,2025-06-07,h,,10,35,0,0,0,0,0,0,0,0,0,15,0,0,0,0,0,0,0,0,0,0,0,0,0,0,0,0,40,20,
21.2805,-157.72964,P0533,3,2025,2010,2025-03-01,h,,0,50,0,0,0,0,0,0,0,0,0,0,0,0,0,0,0,0,0,0,0,0,25,0,0,1,20,0,25,25,
21.28059,-157.72915,P0560,5,2025,,2025-05-25,a,,1,38,1,0,0,0,3,0,0,0,0,4,0,0,0,0,0,1,0,0,0,0,11,0,0,0,5,0,13,30,
21.28059,-157.72964,P0562,6,2025,2010,2025-06-08,h,,0,20,10,0,0,0,0,0,0,0,0,0,20,0,0,0,0,5,0,0,0,0,0,0,0,0,10,0,25,25,
21.28059,-157.72973,P0563,6,2025,2010,2025-06-08,h,,0,25,0,0,0,0,5,0,0,0,0,20,0,0,0,0,0,0,0,0,0,0,0,0,0,5,0,0,35,15,
21.28059,-157.73253,P0585,3,2025,,2025-03-19,E,,0,10,10,0,0,0,0,0,0,0,0,0,0,0,0,0,0,10,0,0,0,0,0,0,0,0,20,0,25,25,
21.28068,-157.72848,P0594,7,2025,2010,2025-07-25,h,,0,20,1,0,0,0,6,0,2,0,0,1,2,0,0,0,0,0,0,0,0,0,5,0,0,0,0,0,55,74,2.894736842
21.28068,-157.72857,P0595,3,2025,2010,2025-03-17,h,,0,40,0,0,0,0,0,0,0,0,0,0,0,0,0,0,0,5,0,0,0,0,0,0,0,0,20,0,30,30,
21.28068,-157.72886,P0598,4,2025,,2025-04-23,e,,0,10,0,0,0,0,0,0,0,0,0,2,0,0,0,0,0,5,0,0,0,0,1,0,0,1,2,0,10,70,
21.28068,-157.72915,P0290,4,2025,,2025-04-23,h,,0,15,0,0,0,0,0,0,0,0,0,5,0,0,0,0,0,0,0,0,0,0,0,0,0,1,1,0,15,65,
21.28068,-157.73157,P0615,6,2025,,2025-06-09,e,,0,25,0,0,0,0,0,0,0,0,0,0,0,0,0,0,0,0,0,0,5,0,5,0,0,0,5,0,2,50,
21.28068,-157.73166,P0616,6,2025,,2025-06-09,e,,5,30,0,0,0,0,0,0,0,0,0,0,0,0,0,0,0,15,0,0,1,0,1,0,0,0,10,0,20,40,
21.28068,-157.73253,P0622,3,2025,,2025-03-19,E,,0,0,0,0,0,0,0,0,0,0,0,0,0,10,0,0,0,5,0,0,0,0,30,0,0,0,10,0,15,10,
21.28077,-157.72838,P0630,8,2025,2010,2025-08-23,h,,1,7,0,0,0,0,7,0,1,0,0,0,3,0,0,0,0,0,0,0,1,0,33,0,0,0,0,0,34,88,2.384615385
21.28077,-157.72877,P0632,6,2025,,2025-06-07,ae,,0,20,0,0,0,0,10,0,0,0,0,0,0,0,0,0,0,0,0,0,0,0,0,0,0,5,10,0,35,35,
21.28077,-157.72886,P0633,6,2025,,2025-06-07,h,,0,35,0,0,0,0,10,0,0,0,0,0,0,0,0,0,0,1,0,0,0,0,0,0,0,0,15,0,30,30,
21.28077,-157.73118,P0646,6,2025,,2025-06-26,ae,,0,17,3,0,0,0,16,0,1,0,1,0,0,0,0,0,0,4,0,0,0,0,1,0,0,1,2,0,46,62,2.444444444
21.28077,-157.73137,P0648,6,2025,,2025-06-09,ae,,0,30,0,0,0,0,0,0,0,0,0,0,0,0,0,0,0,0,0,0,0,0,0,0,0,0,0,0,35,35,
21.28077,-157.73147,P0649,6,2025,2010,2025-06-09,h,,3,40,0,0,0,0,0,0,0,0,0,0,0,0,0,0,0,20,0,0,0,0,0,0,0,0,0,0,40,10,
21.28077,-157.73157,P0650,6,2025,2010,2025-06-09,h,,0,15,10,0,0,0,0,0,0,0,0,0,0,0,0,0,0,10,0,0,0,0,0,0,0,0,0,0,20,60,
21.28077,-157.73263,P0656,5,2025,,2025-05-10,E,,1,68,1,0,0,0,0,0,0,0,0,0,0,0,0,0,0,0,0,0,0,0,0,0,0,0,0,0,4,70,
21.28086,-157.72838,P0245,7,2025,2010,2025-07-11,h,,0,13,0,1,0,0,0,0,1,0,0,0,0,0,0,0,0,0,0,0,0,0,2,1,0,0,11,0,29,222,3.625
21.28086,-157.73157,P0680,6,2025,2010,2025-06-26,h,,5,32,7,0,0,0,35,0,8,0,0,2,1,0,0,0,0,3,0,0,0,0,34,1,0,0,4,0,10,107,3.115384615
21.28086,-157.73244,P0371,4,2025,,2025-04-19,h,,10,50,0,0,0,0,0,0,0,0,0,20,0,0,0,0,0,20,0,0,0,0,0,0,0,0,0,0,15,25,
21.28095,-157.72819,P0690,8,2025,2010,2025-08-23,bqen,,0,7,0,0,0,0,0,0,0,0,0,0,0,0,0,0,0,0,0,0,1,0,21,1,0,0,2,0,60,35,2.5
21.28095,-157.72828,P0691,7,2025,2010,2025-07-11,h,,0,4,0,0,0,0,0,0,0,0,0,0,0,0,0,0,0,0,0,0,0,0,0,0,0,1,3,0,4,373,3.388235294
21.28095,-157.72838,P0692,5,2025,2010,2025-05-25,h,,0,4,0,0,0,0,2,0,1,0,0,1,0,0,0,0,0,0,0,0,1,0,0,0,0,1,2,0,8,76,
21.28095,-157.72867,P0693,5,2025,,2025-05-24,h,,0,20,0,0,0,0,15,0,0,0,0,15,0,0,0,0,0,0,0,0,0,0,0,0,0,10,0,0,20,50,
21.28095,-157.72944,P0695,6,2025,2010,2025-06-07,h,,0,40,0,0,0,0,0,0,0,0,0,15,0,0,0,0,0,0,0,0,0,0,5,0,0,12,0,0,30,20,
21.28095,-157.72954,P0338,4,2025,2010,2025-04-23,h,,0,15,15,0,0,0,5,0,0,0,0,0,0,0,1,0,0,0,0,0,0,0,0,0,0,5,5,0,30,35,
21.28095,-157.7305,P0699,7,2025,2010,2025-07-25,h,,0,63,35,0,0,0,44,0,27,0,0,18,8,0,0,0,0,7,0,0,0,0,83,0,0,0,7,0,14,0,
21.28095,-157.73157,P0347,5,2025,2010,2025-05-26,h,,5,44,6,0,0,0,0,0,0,0,0,0,0,0,1,0,0,7,0,0,1,0,0,1,0,0,2,0,20,78,2.25
21.28095,-157.73195,P0711,5,2025,,2025-05-10,e,,0,50,1,0,0,0,0,0,0,0,0,0,0,0,0,0,0,0,0,0,0,0,0,0,0,0,0,0,35,50,
21.28122,-157.73234,P0713,4,2025,,2025-04-19,a,,0,40,2,0,0,0,0,0,0,0,0,20,0,0,0,0,0,30,0,0,0,0,0,0,0,0,0,0,25,15,
21.28104,-157.72819,P0717,8,2025,,2025-08-23,a,,1,11,0,1,0,0,18,0,0,0,0,0,0,0,0,0,0,0,0,0,0,0,27,1,0,0,1,0,26,211,3.906976744
21.28104,-157.72828,P0718,7,2025,,2025-07-11,h,,0,14,3,0,0,0,12,0,0,0,0,0,0,0,0,0,0,0,0,0,0,0,0,0,0,0,8,0,25,138,2.285714286
21.28104,-157.72838,P0719,5,2025,,2025-05-25,h,,0,16,1,0,0,0,1,0,0,0,0,3,0,0,0,0,0,0,0,0,1,0,0,0,0,0,11,0,13,28,
21.28104,-157.72993,P0344,6,2025,2011,2025-06-10,h,,0,25,0,0,0,0,0,0,0,0,0,0,0,0,0,0,0,0,0,0,0,0,0,0,0,5,20,0,45,25,
21.28104,-157.7305,P0728,7,2025,2010,2025-07-12,h,,0,25,5,0,0,0,13,0,4,0,1,4,0,0,0,0,0,1,0,0,0,2,4,0,0,0,6,0,44,14,1.8
21.28104,-157.73147,P0085,6,2025,,2025-06-09,h,,5,20,0,0,0,0,0,0,0,0,0,0,0,0,0,0,0,5,0,0,0,0,0,0,0,0,0,0,60,20,
21.28104,-157.73186,P0738,5,2025,,2025-05-10,e,,0,50,0,0,0,0,0,0,0,0,0,0,0,0,0,0,0,0,0,0,0,0,0,0,0,0,0,0,40,15,
21.28104,-157.73253,P0377,5,2025,,2025-05-10,h,,0,50,1,0,0,0,0,0,0,0,0,0,0,0,0,0,0,0,0,0,0,0,0,0,0,0,0,0,15,50,
21.28113,-157.72819,P0744,8,2025,,2025-08-23,bqen,,0,3,0,1,0,0,0,0,0,0,0,0,0,0,0,0,0,0,0,0,0,0,20,0,0,2,3,0,36,119,2.71875
21.28113,-157.72828,P0213,5,2025,,2025-05-25,bqen,,0,3,3,0,0,0,1,0,0,0,0,1,0,0,0,0,0,0,0,0,0,0,0,0,0,0,0,0,13,76,
21.28113,-157.72838,P0246,5,2025,,2025-05-25,h,,0,6,1,0,0,0,4,0,0,0,0,0,0,0,0,0,0,0,0,0,0,0,0,0,0,0,0,0,23,68,
21.28113,-157.72848,P0128,5,2025,,2025-05-25,a,,0,28,0,0,0,0,0,0,0,0,0,4,0,0,0,0,0,0,0,0,4,0,0,0,0,0,20,0,15,58,
21.28113,-157.72867,P0745,7,2025,,2025-07-11,h,,0,18,8,0,0,0,5,0,0,0,0,1,0,0,0,0,0,0,0,0,0,0,0,0,0,0,3,0,30,180,2.673469388
21.28113,-157.72915,P0082,3,2025,2010,2025-03-15,h,,0,35,25,0,0,0,0,0,0,0,0,0,0,0,0,0,0,5,0,0,0,0,0,0,0,2,5,0,30,20,
21.28113,-157.72925,P0084,3,2025,2010,2025-03-15,h,,0,20,20,0,0,0,1,0,0,0,0,0,0,0,0,0,0,1,0,0,0,0,0,0,0,1,15,0,10,40,
21.28113,-157.73079,P0753,6,2025,2011,2025-06-12,h,,2,43,12,0,0,0,0,0,0,0,0,2,0,0,0,0,0,0,0,0,8,0,1,2,0,0,15,0,0.8,8,1.666666667
21.28113,-157.73128,P0757,8,2025,2010,2025-08-23,h,,0,31,7,0,0,0,6,0,1,0,9,0,1,0,0,0,0,0,0,0,8,0,54,11,0,0,1,0,27,0,
21.28113,-157.73157,P0760,6,2025,2010,2025-06-09,ae,,0,30,0,0,0,0,0,0,0,0,0,0,0,0,0,0,0,10,0,0,0,0,0,0,0,0,0,0,35,35,
21.28113,-157.73176,P0762,5,2025,,2025-05-23,e,,0,30,20,0,0,0,3,0,0,0,0,0,0,0,0,0,0,0,0,0,10,0,20,0,0,0,10,0,30,20,
21.28113,-157.73186,P0763,5,2025,,2025-05-10,e,,0,50,1,0,0,0,0,0,0,0,0,0,0,0,0,0,0,0,0,0,0,0,0,0,0,0,0,0,25,25,
21.28113,-157.73195,P0764,5,2025,,2025-05-10,e,,1,40,3,0,0,0,0,0,0,0,0,0,0,0,0,0,0,0,0,0,0,0,0,0,0,0,0,0,50,50,
21.28113,-157.73224,P0765,5,2025,,2025-05-10,h,,0,50,1,0,0,0,0,0,0,0,0,0,0,0,0,0,0,0,0,0,0,0,0,0,0,0,0,0,40,60,
21.28122,-157.72867,P0006,4,2025,,2025-04-23,h,,0,15,10,0,0,0,0,0,0,0,0,0,0,0,0,0,0,0,0,0,0,0,0,0,0,0,10,0,10,75,
21.28122,-157.72886,P0175,4,2025,,2025-04-23,h,,0,5,35,0,0,0,0,0,0,0,0,0,0,0,0,0,0,0,0,0,5,0,0,0,0,0,0,0,0,60,
21.28122,-157.72896,P0086,8,2025,,2025-08-23,h,,0,29,18,0,0,0,3,0,3,0,0,1,4,0,0,0,0,0,0,0,0,0,25,0,0,0,15,0,28,113,2.896551724
21.28122,-157.72915,P0009,3,2025,,2025-03-15,h,,0,20,30,0,0,0,0,0,0,0,0,0,0,0,0,0,0,0,0,0,0,0,0,0,0,0,30,0,30,10,
21.28122,-157.72925,P0121,3,2025,,2025-03-15,h,,0,0,40,0,0,0,0,0,0,0,0,0,0,0,0,0,0,0,0,0,0,0,0,0,0,1,20,0,20,20,
21.28122,-157.73021,P0773,2,2025,,2025-02-10,c,,0,30,0,0,0,0,0,0,0,0,0,0,0,0,0,0,0,0,0,0,0,0,50,0,0,1,0,0,25,25,
21.28122,-157.73118,P0779,8,2025,2010,2025-08-23,h,,0,49,17,0,0,0,6,0,2,0,0,0,0,0,0,0,0,0,0,0,5,0,61,1,0,0,8,0,47,8,1.666666667
21.28122,-157.73128,P0005,6,2025,2010,2025-06-13,h,,0,8,7,0,0,0,0,0,0,0,8,0,0,0,0,0,0,0,0,0,0,0,0,0,0,0,0,0,54,12,2
21.28122,-157.73224,P0784,5,2025,,2025-05-10,h,,0,80,40,0,0,0,0,0,0,0,0,0,0,0,0,0,0,0,0,0,0,0,0,0,0,0,0,0,60,40,
21.28131,-157.72886,P0075,4,2025,,2025-04-23,a,,0,15,10,0,0,0,0,0,0,0,0,0,0,0,0,0,0,0,0,0,0,0,0,0,0,0,10,0,30,30,
21.28131,-157.72906,P0008,3,2025,,2025-03-15,h,,0,20,20,0,0,0,0,0,0,0,0,0,0,0,0,0,0,0,0,0,0,0,0,0,0,0,19,0,30,20,
21.28131,-157.72925,P0031,3,2025,,2025-03-15,h,,0,10,30,0,0,0,0,0,0,0,0,0,0,0,0,0,0,0,0,0,0,0,0,0,0,0,0,0,30,30,
21.28131,-157.72935,P0032,3,2025,,2025-03-17,h,,5,30,40,0,0,0,0,0,0,0,0,0,0,0,0,0,0,0,0,0,3,0,0,0,0,0,30,0,10,15,
21.28131,-157.72964,P0058,3,2025,,2025-03-03,h,,0,15,15,0,0,0,0,0,0,0,0,0,0,0,0,0,0,0,0,0,0,0,10,0,0,2,10,0,35,35,
21.28131,-157.72993,P0297,3,2025,,2025-03-03,h,,0,30,20,0,0,0,0,0,0,0,0,0,0,0,0,0,0,0,0,0,0,0,0,0,0,0,10,0,30,20,
21.2814,-157.72925,P0237,6,2025,,2025-06-07,h,,0,30,30,0,0,0,0,0,0,0,0,0,0,0,0,0,0,0,0,0,0,0,0,0,0,0,10,0,10,50,
21.2814,-157.73031,P0105,7,2025,,2025-07-15,h,,0,15,19,1,0,0,0,0,0,0,0,2,0,0,0,0,0,0,0,0,11,0,5,0,0,0,0,0,47,65,2.095238095
21.2814,-157.73041,P0797,7,2025,,2025-07-11,h,,0,15,5,0,0,0,0,0,0,0,0,0,0,0,0,0,0,0,0,0,0,0,0,2,0,0,4,0,53,92,2.407407407
21.2814,-157.7305,P0107,7,2025,2010,2025-07-11,h,,0,11,42,0,0,0,1,0,0,0,0,0,0,0,0,0,0,0,0,0,0,0,1,1,0,0,13,0,15,124,2.757575758
21.2814,-157.73099,P0038,3,2025,2010,2025-03-19,h,,20,45,0,0,0,0,0,0,0,0,0,0,0,0,0,0,0,0,0,0,10,0,0,0,0,5,20,0,15,40,
21.2814,-157.73118,P0281,7,2025,2010,2025-07-25,h,,0,13,29,0,0,0,0,0,1,0,1,3,2,0,0,0,0,0,0,0,3,0,4,4,0,0,27,0,45,43,2.307692308
21.2814,-157.73128,P0151,2,2025,2010,2025-02-18,h,,0,20,10,0,0,0,0,0,0,0,0,0,0,0,0,0,0,0,0,0,0,0,50,0,0,0,0,0,20,30,
21.2814,157.73234,P0802,5,2025,,2025-05-10,h,,0,40,0,0,0,0,0,0,0,0,0,0,0,0,0,0,0,0,0,0,0,0,0,0,0,0,0,0,70,40,
21.28149,-157.73031,P0109,7,2025,,2025-07-11,h,,0,19,32,1,0,0,0,0,0,0,0,0,0,0,0,0,0,0,0,0,0,0,0,0,0,0,11,0,19,100,2.03030303
21.28149,-157.73099,P0149,6,2025,2010,2025-06-27,h,,0,14,32,0,0,0,0,0,0,0,0,1,0,0,0,0,0,0,0,0,1,0,1,0,0,0,17,0,33,95,2.064516129
21.28149,-157.73128,P0028,6,2025,2010,2025-06-26,h,,0,25,19,0,0,0,0,0,9,0,0,5,0,0,0,0,0,0,0,0,5,0,2,7,0,0,21,0,27,76,1.814814815
21.28149,-157.73137,P0302,6,2025,2010,2025-06-13,h,,1,32,9,0,0,0,1,0,2,0,0,0,0,0,0,0,0,0,0,0,7,0,1,0,0,0,0,0,29,59,2.470588235
21.28158,-157.73002,P0065,4,2025,,2025-04-23,h,,0,0,40,0,0,0,0,0,0,0,0,0,0,0,0,0,0,0,0,0,10,0,0,0,0,0,0,0,30,20,
21.28158,-157.73021,P0198,3,2025,2010,2025-03-03,h,,0,0,35,0,0,0,0,0,0,0,0,0,0,0,0,0,0,0,0,0,0,0,0,0,0,0,10,0,10,55,
21.28158,-157.73118,P0244,5,2025,,2025-05-10,h,,0,40,70,0,0,0,0,0,0,0,0,0,0,0,0,0,0,0,0,0,0,0,0,0,0,0,0,0,5,15,
21.28158,-157.73128,P0152,5,2025,,2025-05-23,h,,0,30,40,0,0,0,0,0,0,0,0,0,0,0,0,0,0,0,0,0,0,0,0,0,0,0,40,0,25,25,
21.28158,-157.73137,P0153,6,2025,,2025-06-13,h,,0,19,23,1,0,0,0,0,10,0,0,0,0,0,0,0,0,0,0,0,0,0,2,0,0,0,3,0,24,94,1.540540541
21.28158,-157.73157,P0166,3,2025,,2025-03-19,h,,0,10,20,0,0,0,0,0,0,0,0,0,0,0,0,0,0,0,0,0,0,0,0,0,0,0,5,0,30,50,
21.28167,-157.73215,P0367,5,2025,,2025-05-23,h,,0,15,40,0,0,0,5,0,0,0,0,0,0,0,0,0,0,0,0,0,10,0,0,0,0,0,20,0,20,20,
21.28176,15771978,P0824,4,2025,,2025-04-22,ae,,0,70,0,0,0,0,0,0,0,0,0,10,0,0,0,0,0,0,0,0,0,0,0,0,0,15,0,0,20,10,
21.28176,157.71988,P0825,4,2025,,2025-04-22,ae,,0,5,0,0,0,0,5,0,0,0,0,20,0,0,0,0,0,0,0,0,0,0,0,0,0,20,0,0,40,40,
21.28176,157.71997,P0826,4,2025,,2025-04-22,ae,,0,0,0,0,0,0,0,0,0,0,0,10,0,0,0,0,0,0,0,0,5,0,0,0,0,10,10,0,30,30,
21.28176,-157.73079,P0827,4,2025,,2025-04-22,ae,,3,0,0,0,0,0,0,0,0,0,0,0,0,0,0,0,0,0,0,0,0,0,0,0,0,0,2,0,0,95,
21.28176,-157.73089,P0828,4,2025,2010,2025-04-22,h,,0,5,0,0,0,0,0,0,0,0,0,0,0,0,0,0,0,0,0,0,0,0,0,0,0,0,5,0,0,90,
,157.71959,P0833,4,2025,,2025-04-22,ae,,0,50,10,0,0,0,0,0,0,0,0,10,0,0,0,0,0,0,0,0,0,0,0,0,0,20,0,0,40,10,
21.28185,157.71968,P0834,4,2025,,2025-04-22,ae,,0,50,5,0,0,0,0,0,0,0,0,5,0,0,0,0,0,5,0,0,0,0,0,0,0,5,0,0,40,10,
21.28185,157.71978,P0835,4,2025,,2025-04-22,ae,,0,70,5,0,0,0,0,0,0,0,0,5,0,0,0,0,0,5,0,0,0,0,0,0,0,5,0,0,25,5,
21.28185,157.71988,P0836,4,2025,,2025-04-22,ae,,0,30,5,0,0,0,0,0,0,0,0,0,1,0,0,0,0,0,0,0,0,0,0,0,0,25,0,0,25,25,
21.28185,157.71997,P0837,4,2025,,2025-04-22,ae,,0,5,0,0,0,0,0,0,0,0,0,10,0,0,0,0,0,0,0,0,0,0,0,0,0,2,10,0,30,30,
21.28194,157.71949,P0838,4,2025,,2025-04-22,ae,,0,8,0,0,0,0,0,0,0,0,0,2,0,0,0,0,0,0,0,0,0,0,0,0,0,0,9,0,0,80,
21.28194,157.71959,P0839,4,2025,,2025-04-22,ae,,3,3,0,0,0,0,0,0,0,0,0,2,0,0,0,0,0,0,0,0,0,0,0,0,0,0,2,0,0,90,
21.28194,157.71968,P0840,4,2025,,2025-04-22,ae,,0,60,10,0,0,0,5,0,0,0,0,20,0,0,0,0,0,0,0,0,0,0,0,0,0,10,0,0,30,10,
21.28194,157.71978,P0841,4,2025,,2025-04-22,ae,,0,70,10,0,0,0,0,0,0,0,0,10,0,0,0,0,0,0,0,0,0,0,0,0,0,10,0,0,25,5,
21.28194,157.71988,P0842,4,2025,,2025-04-22,ae,,0,30,10,0,0,0,0,0,0,0,0,25,5,0,0,0,0,10,0,0,5,0,5,0,0,30,0,0,45,15,
21.28194,157.71997,P0843,4,2025,,2025-04-22,ae,,30,0,0,0,0,0,0,0,0,0,0,20,20,0,0,0,0,0,0,0,30,0,0,0,0,0,0,0,25,35,
21.28194,-157.73263,P0417,4,2025,,2025-04-22,h,,0,10,0,0,0,0,0,0,0,0,0,10,0,0,0,0,0,0,0,0,2,0,0,0,0,0,10,0,0,60,
21.28203,157.71949,P0844,4,2025,,2025-04-22,ae,,10,5,0,0,0,0,0,0,0,0,0,0,0,0,0,0,0,0,0,0,0,0,0,0,0,0,5,0,10,70,
21.28203,157.71968,P0846,4,2025,,2025-04-22,ae,,1,3,4,0,0,0,1,0,0,0,0,1,1,0,0,0,0,1,0,0,0,0,5,0,0,1,3,0,10,70,
21.28203,157.71978,P0847,4,2025,,2025-04-22,ae,,0,60,5,0,0,0,5,0,0,0,0,0,0,0,0,0,0,0,0,0,0,0,0,0,0,5,40,0,30,10,
21.28203,157.71988,P0848,4,2025,,2025-04-22,ae,,1,9,1,0,0,0,1,0,0,0,0,2,1,0,0,0,0,0,0,0,0,0,3,1,0,1,6,0,15,65,
21.28203,157.71997,P0849,4,2025,,2025-04-22,ae,,10,30,0,0,0,0,0,0,0,0,0,20,5,0,0,0,0,0,0,0,10,0,0,0,0,0,10,0,25,25,
21.28212,157.71949,P0850,4,2025,,2025-04-22,ae,,1,0,0,0,0,0,0,0,0,0,0,1,1,0,0,0,0,0,0,1,0,0,1,0,0,0,3,0,10,80,
21.28212,157.71959,P0851,4,2025,,2025-04-22,ae,,0,10,0,0,0,0,0,0,0,0,0,0,0,0,0,0,0,0,0,0,0,0,0,0,0,0,20,0,10,50,
21.28212,157.71968,P0852,4,2025,,2025-04-22,ae,,3,6,6,0,0,0,1,0,0,0,0,2,1,0,0,0,0,1,0,0,0,0,1,0,0,1,5,0,10,65,
21.28212,157.71978,P0853,4,2025,,2025-04-22,ae,,0,40,5,0,0,0,0,0,0,0,0,0,0,0,0,0,0,0,0,0,0,0,0,0,0,0,10,0,45,10,
21.282121,157.71988,P0854,4,2025,,2025-04-22,ae,,1,10,1,0,0,0,0,0,0,0,0,1,1,0,0,0,0,0,0,0,0,0,1,1,0,1,8,0,5,70,
21.28212,157.71997,P0855,4,2025,,2025-04-22,ae,,0,20,0,0,0,0,0,0,0,0,0,0,0,0,0,0,0,0,0,0,0,0,0,0,0,0,10,0,30,30,
21.28221,157.71949,P0856,4,2025,,2025-04-22,ae,,2,3,1,1,0,0,0,0,0,0,0,1,1,0,0,0,0,0,0,0,0,0,1,0,0,0,5,0,5,80,
21.28221,157.71959,P0857,4,2025,,2025-04-22,ae,,0,10,0,0,0,0,0,0,0,0,0,20,0,0,0,0,0,0,0,0,0,0,0,0,0,0,10,0,10,50,
21.28221,157.71968,P0858,4,2025,,2025-04-22,ae,,0,5,5,0,0,0,0,0,0,0,0,1,0,0,0,0,0,1,0,0,0,0,2,0,0,1,2,0,10,65,
21.28221,157.71978,P0859,4,2025,,2025-04-22,ae,,0,30,40,0,0,0,0,0,0,0,0,0,0,0,0,0,0,0,0,0,0,0,0,0,0,0,20,0,40,10,
21.28221,157.71988,P0860,4,2025,,2025-04-22,ae,,3,8,1,1,0,0,0,0,0,0,0,1,2,0,0,0,0,1,0,0,0,0,1,0,0,1,5,0,10,70,
21.28221,157.71997,P0861,4,2025,,2025-04-22,ae,,0,10,5,0,0,0,0,0,0,0,0,10,0,0,0,0,0,0,0,0,5,0,0,0,0,5,10,0,10,60,
21.2832,-157.71997,P0862,4,2025,,2025-04-22,h,,1,1,1,1,0,1,0,0,0,0,0,1,0,0,0,0,0,0,0,1,0,0,0,0,0,0,5,0,5,85,
21.2832,-157.72007,P0863,4,2025,,2025-04-22,h,,0,48,1,0,0,0,0,0,0,0,0,0,0,0,0,0,0,0,0,0,0,0,0,0,0,1,0,0,0,50,
21.28329,157.71968,P0864,4,2025,,2025-04-16,AE,,0,0,45,0,0,0,0,0,0,0,0,0,0,0,0,0,0,0,0,0,0,0,0,0,0,0,35,0,8,2,
21.28329,157.71978,P0865,4,2025,,2025-04-16,H,,0,0,40,0,0,0,0,0,0,0,0,0,0,0,0,0,0,0,0,0,0,0,0,0,0,0,30,0,12,3,
21.28329,-157.71978,P0018,7,2025,,2025-07-26,h,,0,0,70,0,0,0,0,0,0,0,0,0,0,0,0,0,0,0,0,0,0,0,0,0,0,0,0,0,15,15,
21.28329,-157.71988,P0022,7,2025,,2025-07-26,h,,0,0,50,0,0,0,0,0,0,0,0,0,0,0,0,0,0,0,0,0,0,0,0,0,0,0,10,0,25,25,
21.2839,-157.71997,P0866,4,2025,,2025-04-16,h,,0,1,10,0,0,0,0,0,0,0,0,0,0,0,0,0,0,0,0,0,0,0,1,0,0,0,20,0,0,40,
21.28329,-157.71997,P0115,4,2025,,2025-04-16,h,,0,0,35,0,0,0,0,0,0,0,0,0,0,0,0,0,0,0,0,0,0,0,0,0,0,0,20,0,0,60,
21.28329,-157.72017,P0867,4,2025,,2025-04-16,ae,,0,0,35,0,0,0,0,0,0,0,0,0,0,0,0,0,0,0,0,0,0,0,0,0,0,0,30,0,30,30,
21.28347,-157.7193,P0869,4,2025,,2025-04-16,a,,0,0,20,0,0,0,0,0,0,0,0,0,0,0,0,0,0,0,0,0,0,0,0,0,0,0,20,0,0,80,
21.28347,-157.71978,P0069,8,2025,,2025-08-27,h,,0,0,40,0,0,0,0,0,0,0,0,0,0,0,0,0,0,0,0,0,0,0,20,0,0,0,30,0,30,20,
21.28347,-157.71988,P0871,8,2025,,2025-08-27,h,,0,0,60,0,0,0,0,0,0,0,0,0,0,0,0,0,0,0,0,0,0,0,40,0,0,0,30,0,20,20,
21.28347,-157.72017,P0872,4,2025,,2025-04-16,ae,,0,0,10,0,0,0,0,0,0,0,0,0,0,0,0,0,0,0,0,0,0,0,0,0,0,0,10,0,0,90,
21.28356,-157.71978,P0070,4,2025,,2025-04-14,h,,0,0,70,0,0,0,0,0,0,0,0,0,0,0,0,0,0,0,0,0,0,0,0,0,0,0,40,0,20,10,
21.28356,-157.71997,P0314,2,2025,,2025-02-13,h,,0,0,60,0,0,0,0,0,0,0,0,0,0,0,0,0,0,0,0,0,0,0,0,0,0,0,0,0,30,10,
21.28356,-157.72007,P0315,2,2025,,2025-02-13,h,,0,0,70,0,0,0,0,0,0,0,0,0,0,0,0,0,0,0,0,0,0,0,0,0,0,0,0,1,20,10,
21.28365,-157.71959,P0878,8,2025,,2025-08-27,h,,0,0,70,0,0,0,0,0,0,0,0,0,0,0,0,0,0,0,0,0,0,0,0,0,0,0,40,0,15,15,
21.28365,-157.71997,P0879,2,2025,,2025-02-13,h,,0,0,30,0,0,0,0,0,0,0,0,0,0,0,0,0,0,0,0,0,0,0,0,0,0,0,0,1,40,20,
21.28374,-157.7191,P0352,2,2025,,2025-02-13,h,,0,0,50,0,0,0,0,0,0,0,0,0,0,0,0,0,0,0,0,0,0,0,0,0,0,0,0,0,20,30,
21.28374,-157.71978,P0021,3,2025,,2025-03-12,h,,0,0,50,0,0,0,0,0,0,0,0,0,0,0,0,0,0,0,0,0,0,0,0,0,0,0,40,0,25,25,
21.28374,-157.71997,P0883,2,2025,,2025-02-13,h,,0,0,30,0,0,0,0,0,0,0,0,0,0,0,0,0,0,0,0,0,0,0,0,0,0,0,0,1,0,20,
21.28374,-157.72036,P0884,2,2025,,2025-02-13,h,,0,0,60,0,0,0,0,0,0,0,0,0,0,0,0,0,0,0,0,0,0,0,0,0,0,0,0,0,20,20,
21.28383,-157.71939,P0886,8,2025,,2025-08-27,a,,0,0,40,0,0,0,0,0,0,0,0,2,0,0,0,0,0,0,0,0,0,0,10,0,0,0,10,0,30,30,
21.28383,-157.71988,P0383,4,2025,,2025-04-15,e,,0,0,57,0,0,0,0,0,0,0,0,0,0,0,0,0,0,0,0,0,0,0,0,0,0,0,22,0,36,16,1
21.28392,-157.7191,P0354,4,2025,,2025-04-04,h,,0,0,50,0,0,0,0,0,0,0,0,0,0,0,0,0,0,0,0,0,0,0,0,0,0,0,25,0,25,25,
21.28392,-157.71939,P0273,8,2025,,2025-08-27,h,,0,0,50,0,0,0,0,0,0,0,0,0,0,0,0,0,0,0,0,0,0,0,20,0,0,0,20,0,20,20,
21.28392,-157.71959,P0122,4,2025,,2025-04-14,h,,0,0,60,0,0,0,0,0,0,0,0,0,0,0,0,0,0,0,0,0,0,0,0,0,0,0,30,0,30,10,
157.78392,-157.71968,P0118,4,2025,,2025-04-14,h,,0,0,70,0,0,0,0,0,0,0,0,0,0,0,0,0,0,0,0,0,0,0,0,0,0,0,10,0,25,5,
21.28392,-157.72007,P0894,4,2025,,2025-04-04,h,,0,0,50,0,0,0,0,0,0,0,0,0,0,0,0,0,0,0,0,0,0,0,0,0,0,0,40,0,25,25,
21.28401,-157.7191,P0154,4,2025,,2025-04-04,h,,0,0,70,0,0,0,0,0,0,0,0,0,0,0,0,0,0,0,0,0,0,0,0,0,0,0,50,0,20,10,
21.28401,-157.71939,P0274,8,2025,,2025-08-27,h,,0,0,70,0,0,0,0,0,0,0,0,0,0,0,0,0,0,0,0,0,0,0,30,0,0,0,30,0,15,15,
21.28401,-157.71968,P0233,3,2025,,2025-03-12,h,,0,0,50,0,0,0,0,0,0,0,0,0,0,0,0,0,0,0,0,0,0,0,0,0,0,0,50,0,25,25,
21.28401,157.71978,P0896,3,2025,,2025-03-12,h,,0,0,60,0,0,0,0,0,0,0,0,0,0,0,0,0,0,0,0,0,0,0,0,0,0,0,40,0,20,20,
21.2841,-157.71968,P0906,3,2025,,2025-03-12,e,,0,20,40,0,0,0,0,0,0,0,0,0,0,0,0,0,0,0,0,0,0,0,0,0,0,0,30,0,20,40,
21.2841,-157.71978,P0322,3,2025,,2025-03-12,h,,0,0,40,0,0,0,0,0,0,0,0,0,0,0,0,0,0,0,0,0,0,0,0,0,0,0,20,0,30,30,
21.28167,-157.73041,P0090,3,2025,,2025-03-01,h,,0,15,80,0,0,0,0,0,0,0,0,0,0,0,0,0,0,0,0,0,0,0,0,0,0,0,1,0,4,16,
21.28131,-157.72964,P0058,3,2025,,2025-03-01,h,,0,10,20,0,0,0,0,0,0,0,0,0,0,0,0,0,0,0,0,0,0,0,0,0,0,0,50,0,0,50,
21.2814,-157.72964,P0059,3,2025,,2025-03-01,h,,0,10,45,0,0,0,0,0,0,0,0,0,0,0,0,0,0,0,0,0,0,0,0,0,0,0,0,0,25,25,
21.28104,-157.72896,P0072,4,2025,,2025-04-04,h,,0,0,70,0,0,0,0,0,0,0,0,0,0,0,0,0,0,0,0,0,0,0,0,0,0,0,40,0,15,15,
21.28113,-157.72925,P0084,3,2025,2010,2025-03-17,h,,0,55,10,0,0,0,0,0,0,0,0,0,0,0,0,0,0,0,0,0,0,0,5,0,0,0,30,0,15,20,
21.28122,-157.72925,P0121,3,2025,,2025-03-17,h,,0,60,10,0,0,0,0,0,0,0,0,0,0,0,0,0,0,0,0,0,0,0,0,0,0,5,50,0,10,15,
21.28131,-157.72925,P0031,3,2025,,2025-03-19,h,,0,98,40,0,0,0,0,0,0,0,0,0,0,0,0,0,0,0,0,0,0,0,0,20,0,1,70,0,0,2,
21.28149,-157.72944,P0063,3,2025,,2025-03-03,h,,0,30,30,0,0,0,0,0,0,0,0,0,0,0,0,0,0,0,0,0,0,0,20,0,0,2,20,0,30,30,
21.28392,-157.71959,P0122,3,2025,,2025-03-03,h,,0,45,35,0,0,0,0,0,0,0,0,0,0,0,0,0,0,0,0,0,10,0,0,0,0,1,30,0,20,35,
21.2814,-157.72983,P0127,3,2025,2010,2025-03-03,h,,0,0,20,0,0,0,0,0,0,0,0,0,0,0,0,0,0,0,0,0,0,0,0,0,0,0,15,0,10,40,
21.28167,-157.73147,P0196,5,2025,,2025-05-24,h,,0,10,40,0,0,0,0,0,0,0,0,0,0,0,0,0,0,0,0,0,0,0,0,0,0,0,10,0,40,10,
21.28158,-157.73021,P0198,5,2025,2010,2025-05-10,h,,0,5,50,0,0,0,0,0,0,0,0,0,0,0,0,0,0,0,0,0,0,0,0,0,0,0,0,0,3,50,
21.2814,-157.72935,P0185,6,2025,,2025-06-10,h,,0,50,0,0,0,0,0,0,0,0,0,15,0,0,0,0,0,0,0,0,0,0,0,0,0,30,20,0,30,10,
21.28158,-157.72954,P0169,6,2025,,2025-06-08,h,,0,20,50,0,0,0,0,0,0,0,0,0,0,0,0,0,0,0,0,0,0,0,0,0,0,0,20,0,40,10,
21.2796,-157.72268,P0423,1,2025,,2025-01-29,e,,0,0,0,0,0,0,0,0,0,0,0,0,0,0,0,0,0,0,0,0,0,0,0,0,0,0,0,0,0,0,
21.27996,-157.72693,P0450,1,2025,,2025-01-30,a,,0,0,0,0,0,0,0,0,0,0,0,0,0,0,0,0,0,30,0,0,0,0,10,0,0,0,20,0,0,70,
21.28005,-157.72712,P0457,5,2025,,2025-05-10,,,15,15,0,0,0,0,0,0,0,0,0,0,0,0,0,0,0,0,0,0,0,0,0,0,0,0,0,0,40,60,
21.28032,-157.73166,P0497,6,2025,,2025-06-09,e,,2,25,0,0,0,0,0,0,0,0,1,0,0,0,0,0,0,0,0,1,2,0,10,0,0,0,0,0,35,40,
21.28059,-157.73002,P0565,3,2025,2011,2025-03-01,a,,5,20,2,0,0,0,0,0,0,0,0,0,0,0,0,0,0,0,0,0,0,0,0,0,0,0,5,0,50,20,
21.28068,-157.73002,P0212,5,2025,2011,2025-05-23,h,,0,30,0,0,0,0,10,0,0,0,0,0,0,0,0,0,0,0,0,0,0,0,0,0,0,10,0,0,20,30,
21.28068,-157.73012,P0605,6,2025,2011,2025-06-10,h,,0,40,0,0,0,0,0,0,0,0,0,15,0,0,0,0,0,0,0,0,0,0,0,0,0,20,0,0,30,20,
21.28068,-157.73089,P0609,7,2025,2010,2025-07-25,a,,1,43,0,0,0,0,5,0,1,0,3,6,0,0,0,0,0,2,0,0,0,0,51,0,0,2,0,0,43,8,1.666666667
21.28077,-157.72973,P0340,6,2025,2010,2025-06-08,h,,0,35,0,0,0,0,10,0,0,0,0,10,0,0,0,0,0,0,0,0,0,0,0,0,0,15,0,0,25,25,
21.28086,-157.72964,P0666,4,2025,2010,2025-04-23,h,,0,35,10,0,0,0,0,0,0,0,0,3,0,0,0,0,0,0,0,0,0,0,0,0,0,3,0,0,5,45,
21.28086,-157.73021,P0669,8,2025,2011,2025-08-23,h,,0,25,0,0,0,0,11,0,0,0,2,1,0,1,0,0,0,1,0,0,0,0,28,0,0,2,1,0,40,11,1.2
21.28095,-157.72896,P0177,6,2025,,2025-06-07,h,,0,35,0,0,0,0,0,0,0,0,0,10,0,0,0,0,0,0,0,0,0,0,5,0,0,2,20,0,30,30,
21.28095,-157.72906,P0269,6,2025,,2025-06-07,h,,0,20,0,0,0,0,0,0,0,0,0,20,0,0,0,0,0,0,0,0,0,0,15,0,0,0,10,0,15,60,
21.28095,-157.72935,P0051,4,2025,2010,2025-04-23,h,,0,40,0,0,0,0,0,0,0,0,0,15,0,1,0,0,0,8,0,0,0,0,0,0,0,8,0,0,30,50,
21.28095,-157.73099,P0343,6,2025,2011,2025-06-27,h,,3,16,0,0,0,0,14,0,3,0,0,0,0,0,0,0,0,0,0,0,4,0,1,1,0,1,16,0,48,59,2.105263158
21.28104,-157.72915,P0113,4,2025,2010,2025-04-23,h,,0,40,10,0,0,0,0,0,0,0,0,35,0,0,0,0,0,0,0,0,0,0,0,0,0,2,1,0,20,40,
21.28104,-157.72925,P0724,4,2025,,2025-04-23,ae,,0,40,10,0,0,0,0,0,0,0,0,5,0,0,0,0,0,1,0,0,0,0,0,0,0,0,2,0,0,50,
21.28104,-157.72935,P0052,4,2025,2010,2025-04-23,h,,0,40,10,0,0,0,0,0,0,0,0,10,0,0,0,0,0,0,0,0,0,0,0,0,0,1,10,0,10,40,
21.28113,-157.72857,P0131,4,2025,,2025-04-23,h,,0,20,0,0,0,0,0,0,0,0,0,0,0,0,0,0,0,0,0,0,0,0,0,0,0,0,10,0,20,60,
21.28113,-157.72906,P0120,3,2025,,2025-03-15,h,,0,25,25,0,0,0,8,0,0,0,0,2,0,0,0,0,0,5,0,0,0,0,0,0,0,0,5,0,5,25,
21.28113,-157.72954,P0746,6,2025,2010,2025-06-08,e,,0,30,30,0,0,0,0,0,0,0,0,0,0,0,0,0,0,0,0,0,5,0,0,0,0,0,20,0,20,30,
21.28122,-157.72954,P0294,6,2025,,2025-06-08,h,,0,25,25,0,0,0,0,0,0,0,0,10,0,0,0,0,0,0,0,0,0,0,0,0,0,0,25,0,35,15,
21.28122,-157.73147,P0188,5,2025,2010,2025-05-10,h,,0,4,25,0,0,0,0,0,0,0,0,0,0,0,0,0,0,0,0,0,0,0,0,0,0,0,0,0,70,5,
21.28122,-157.73157,P0189,5,2025,2010,2025-05-10,h,,0,40,1,0,0,0,0,0,0,0,0,0,0,0,0,0,0,0,0,0,0,0,0,0,0,0,0,0,25,25,
21.28131,-157.72896,P0235,3,2025,,2025-03-15,h,,0,5,70,0,0,0,0,0,0,0,0,0,0,0,0,0,0,0,0,0,0,0,0,0,0,0,5,0,0,20,
21.28131,-157.72915,P0083,3,2025,,2025-03-01,h,,0,45,34,0,0,0,0,0,0,0,0,0,0,0,0,0,0,0,0,0,0,0,0,0,0,0,45,0,25,25,
21.28131,-157.72954,P0056,6,2025,,2025-06-08,h,,0,25,25,0,0,0,0,0,0,0,0,0,0,0,0,0,0,0,0,0,0,0,0,0,0,0,30,0,40,10,
21.28131,-157.73021,P0787,4,2025,2011,2025-04-23,h,,0,40,30,0,0,0,0,0,0,0,0,0,0,0,0,0,0,0,0,0,0,0,0,0,0,0,0,0,20,40,
21.28131,-157.7306,P0114,4,2025,2010,2025-04-23,h,,0,15,15,0,0,0,0,0,0,0,0,1,0,0,0,0,0,0,0,0,0,0,0,1,0,0,15,0,10,50,
21.28131,-157.73079,P0311,3,2025,2011,2025-03-25,h,,3,5,5,1,0,0,2,0,0,0,0,0,1,0,0,0,0,0,0,0,2,0,0,0,0,0,5,0,40,40,
21.28131,-157.73099,P0789,2,2025,,2025-02-18,h,,0,20,10,0,0,0,0,0,0,0,0,0,0,0,0,0,0,0,0,0,0,0,50,0,0,0,0,0,10,40,
21.28131,-157.73147,P0165,5,2025,,2025-05-10,h,,0,25,3,0,0,0,0,0,0,0,0,0,0,0,0,0,0,0,0,0,0,0,0,0,0,0,0,0,25,40,
21.28131,-157.73157,P0029,5,2025,2010,2025-05-10,h,,0,6,5,0,0,0,0,0,0,0,0,0,0,0,0,0,0,0,0,0,0,0,0,0,0,0,0,0,5,50,
21.2814,-157.72964,P0059,5,2025,,2025-05-24,h,,0,10,40,0,0,0,0,0,0,0,0,0,0,0,0,0,0,0,0,0,0,0,5,0,0,0,10,0,40,10,
21.2814,-157.7307,P0035,4,2025,2011,2025-04-23,h,,0,20,10,0,0,0,0,0,0,0,1,0,0,0,0,0,0,0,0,0,0,0,0,0,0,0,10,0,40,20,
21.2814,-157.73089,P0250,2,2025,2011,2025-02-18,h,,0,40,0,0,0,0,0,0,0,0,0,0,0,0,0,0,0,0,0,0,0,0,40,0,0,0,0,0,20,40,
21.2814,-157.73147,P0256,5,2025,2010,2025-05-10,h,,3,4,25,0,0,0,0,0,0,0,0,0,0,0,0,0,0,0,0,0,0,0,0,0,0,0,0,0,0,70,
21.2814,-157.73157,P0257,5,2025,2010,2025-05-10,h,,0,15,25,0,0,0,0,0,0,0,0,0,0,0,0,0,0,0,0,0,0,0,0,0,0,0,0,0,50,60,
21.28149,-157.72944,P0063,6,2025,,2025-06-08,h,,0,0,35,0,0,0,0,0,0,0,0,0,0,0,0,0,0,0,0,0,0,0,0,0,0,0,10,0,15,50,
21.28149,-157.73041,P0806,7,2025,2010,2025-07-11,h,,0,6,57,0,0,0,0,0,0,0,0,0,0,0,0,0,0,0,0,0,0,0,0,0,0,0,25,0,0,23,1.555555556
21.28149,-157.7305,P0015,4,2025,2010,2025-04-23,h,,0,3,40,0,0,0,0,0,0,0,0,2,0,0,0,0,0,0,0,0,0,0,0,0,0,0,20,0,20,30,
21.28158,-157.73031,P0223,3,2025,2010,2025-03-01,h,,0,15,30,0,0,0,0,0,0,0,0,0,0,0,0,0,0,0,0,0,0,0,0,0,0,0,15,0,10,60,
21.28158,-157.73099,P0136,6,2025,,2025-06-27,h,,0,2,23,0,0,0,1,0,0,0,0,0,0,0,0,0,0,0,0,0,0,0,0,1,0,0,3,0,44,105,2.387096774
21.28158,-157.73147,P0133,3,2025,,2025-03-19,h,,0,18,10,0,0,0,8,0,0,0,0,0,0,0,0,0,0,0,0,0,0,0,0,2,0,0,0,0,50,20,
21.28167,-157.73147,P0196,8,2025,,2025-08-23,h,,0,25,36,0,0,0,0,0,0,0,0,0,0,0,0,0,0,0,0,0,0,0,38,1,0,0,13,0,39,3,2
21.28167,-157.73157,P0197,8,2025,,2025-08-23,h,,0,13,5,0,0,0,0,0,0,0,0,0,0,0,0,0,0,0,0,0,0,0,20,0,0,0,0,0,75,28,3.666666667
21.28374,-157.7191,P0352,3,2025,,2025-03-12,h,,0,0,50,0,0,0,0,0,0,0,0,0,0,0,0,0,0,0,0,0,0,0,0,0,0,0,20,0,30,20,
21.28374,-157.72036,P0884,3,2025,,2025-03-12,h,,0,3,35,0,0,0,0,0,0,0,0,0,0,0,0,0,0,0,0,0,1,0,1,0,0,0,15,0,25,25,
21.28383,-157.71959,P0260,4,2025,,2025-04-16,h,,0,0,60,0,0,0,0,0,0,0,0,0,0,0,0,0,0,0,0,0,0,0,0,0,0,0,60,0,5,35,
21.28032,-157.73157,P0496,6,2025,,2025-06-13,e,,0,11,0,1,0,0,4,0,0,0,0,0,0,0,0,0,0,1,0,0,0,0,6,0,0,0,0,0,59,22,1.863636364
21.2805,-157.72944,P0531,3,2025,2010,2025-03-17,e,,0,40,25,0,0,0,0,0,0,0,0,0,0,0,0,0,0,0,0,0,0,0,0,0,0,5,20,0,15,35,
21.2805,-157.72993,P0535,5,2025,,2025-05-24,h,,0,30,15,0,0,0,7,0,0,0,0,0,0,0,0,0,0,0,0,0,0,0,7,0,0,0,0,0,30,30,
21.28068,-157.72799,P0592,3,2025,,2025-03-17,h,,0,25,0,0,0,0,10,0,0,0,0,0,0,0,0,0,0,0,0,0,0,0,0,0,0,0,15,0,30,20,
21.28068,-157.72809,P0593,3,2025,,2025-03-17,e,,0,20,0,0,0,0,5,0,0,0,0,0,0,0,0,0,0,2,0,0,0,0,0,0,0,2,15,0,30,30,
21.28068,-157.72838,P0305,3,2025,2010,2025-03-17,h,,0,30,0,0,0,0,5,0,0,0,0,0,0,0,0,0,0,0,0,0,0,0,0,0,0,3,20,0,30,30,
21.28068,-157.72954,P0602,5,2025,2010,2025-05-24,h,,0,40,0,0,0,0,10,0,0,0,0,15,0,0,0,0,0,0,0,0,0,0,5,0,0,42,0,0,25,25,
21.28077,-157.72809,P0628,3,2025,,2025-03-17,e,,0,30,0,0,0,0,0,0,0,0,0,0,0,0,0,0,0,0,0,0,0,0,0,0,0,5,25,0,20,20,
21.28077,-157.72993,P0238,5,2025,,2025-05-23,h,,0,25,5,0,0,0,0,0,0,0,0,0,0,0,0,0,0,0,0,0,0,0,0,0,0,5,0,0,35,5,
21.28086,-157.72857,P0662,3,2025,,2025-03-17,h,,0,35,0,0,0,0,0,0,0,0,0,0,0,0,0,0,0,3,0,0,0,0,0,0,0,2,25,0,30,30,
21.28095,-157.73166,P0708,6,2025,,2025-06-26,e,,3,47,2,0,0,0,33,0,5,0,2,4,4,0,0,0,0,23,0,0,3,0,68,2,0,0,1,0,20,3,2
21.28104,-157.72954,P0339,3,2025,2010,2025-03-03,h,,0,15,15,0,0,0,0,0,0,0,0,0,0,0,0,0,0,0,0,0,0,0,10,0,0,1,15,0,10,10,
21.28104,-157.73137,P0277,8,2025,,2025-08-09,h,,1,32,0,0,0,0,15,0,1,0,3,3,1,0,0,0,0,0,0,0,0,0,35,0,0,0,0,0,45,1,1
21.28104,-157.73157,P0735,8,2025,,2025-08-09,e,,0,29,11,0,0,0,16,0,0,0,1,0,0,0,0,0,0,2,0,0,0,0,17,0,0,0,9,0,26,26,2.115384615
21.28104,-157.73166,P0736,8,2025,,2025-08-09,e,,1,27,3,0,0,0,2,0,0,0,0,0,3,0,0,0,0,2,0,0,2,0,34,1,0,0,0,0,54,12,2.5
21.28113,-157.72964,P0747,3,2025,2010,2025-03-03,h,,0,20,10,0,0,0,0,0,0,0,0,0,0,0,0,0,0,0,0,0,0,0,15,0,0,0,15,0,40,40,
21.28122,-157.73166,P0780,7,2025,,2025-07-25,e,,1,4,1,0,0,0,2,0,1,0,0,0,0,0,0,0,0,0,0,0,0,0,7,0,0,0,3,0,57,33,2.757575758
21.28122,-157.73176,P0781,7,2025,,2025-07-25,e,,2,43,11,0,0,0,36,0,10,0,0,4,4,0,0,0,0,1,0,0,0,0,62,0,0,0,6,0,13,22,2.772727273
21.28131,-157.7305,P0225,5,2025,2010,2025-05-10,h,,0,25,50,0,0,0,0,0,0,0,0,0,0,0,0,0,0,0,0,0,0,0,0,0,0,0,0,0,25,50,
21.28131,-157.73108,P0110,6,2025,2010,2025-06-27,h,,0,38,28,0,0,0,20,0,5,0,0,4,1,0,0,0,0,0,0,0,3,0,5,0,0,0,33,0,8,40,3.1
21.28131,-157.73128,P0162,8,2025,,2025-08-23,h,,1,25,6,0,0,0,24,0,5,0,0,0,0,0,0,0,0,0,0,0,2,0,45,1,0,0,5,0,54,2,3
21.28131,-157.73137,P0164,8,2025,,2025-08-09,h,,39,7,0,0,0,0,17,0,0,0,1,1,0,0,0,0,0,0,0,0,1,0,23,3,0,0,19,0,28,5,1.8
21.28131,-157.73176,P0790,8,2025,,2025-08-23,e,,0,46,7,1,0,0,15,0,0,0,0,0,0,0,0,0,0,0,0,0,0,0,62,4,0,0,6,0,24,4,1.5
21.28131,-157.73186,P0791,8,2025,,2025-08-23,e,,1,30,13,0,0,0,7,0,0,0,0,0,2,0,0,0,0,0,0,0,0,0,45,1,0,0,3,0,31,0,
21.2814,-157.7307,P0035,5,2025,2011,2025-05-10,h,,0,15,5,0,0,0,0,0,0,0,0,0,0,0,0,0,0,0,0,0,0,0,0,0,0,0,0,0,70,40,
21.2814,-157.73108,P0363,6,2025,2010,2025-06-27,h,,0,10,41,0,0,0,0,0,0,0,0,0,0,0,0,0,0,0,0,0,2,0,0,1,0,0,10,0,11,34,2.588235294
21.2814,-157.73166,P0258,8,2025,2010,2025-08-23,h,,1,56,13,0,0,0,14,0,0,0,0,5,0,0,0,0,0,0,0,0,0,0,54,3,0,3,9,0,19,3,1.333333333
21.2814,-157.73186,P0144,8,2025,2010,2025-08-23,h,,2,34,14,0,0,0,7,0,1,0,0,0,0,0,0,0,0,0,0,0,0,0,41,1,0,0,2,0,37,6,2.833333333
21.28149,-157.73157,P0184,8,2025,2010,2025-08-09,h,,1,12,8,0,0,0,0,0,0,0,0,0,0,0,0,0,0,0,0,0,0,0,30,0,0,0,3,0,31,53,1.679245283
21.28149,-157.73166,P0141,8,2025,2010,2025-08-09,h,,1,13,17,0,0,0,28,0,0,0,1,2,0,0,0,0,0,0,0,0,0,0,38,0,0,0,8,0,16,21,2.761904762
,-157.73176,P0808,5,2025,,2025-05-10,h,,4,50,70,0,0,0,0,0,0,0,0,0,0,0,0,0,0,0,0,0,0,0,0,0,0,0,0,0,40,25,
21.28158,-157.73031,P0223,4,2025,2010,2025-04-23,h,,0,15,25,0,0,0,0,0,0,0,0,0,0,0,0,0,0,0,0,0,10,0,0,0,0,0,0,0,15,50,
21.28158,-157.73166,P0142,3,2025,,2025-03-19,h,,0,10,0,0,0,0,0,0,0,0,0,20,0,0,0,0,0,0,0,0,0,0,0,0,0,0,10,0,40,20,
21.28167,-157.73031,P0089,6,2025,,2025-06-12,h,,0,25,63,1,0,0,0,0,1,0,1,0,0,0,0,0,0,0,0,0,3,0,0,0,0,1,38,0,13,25,2.96
21.28329,-157.71949,P0156,4,2025,,2025-04-04,h,,0,0,30,0,0,0,0,0,0,0,0,0,0,0,0,0,0,0,0,0,0,0,0,0,0,0,20,0,10,0,
21.28329,-157.71959,P0017,4,2025,,2025-04-04,h,,0,0,20,0,0,0,0,0,0,0,0,0,0,0,0,0,0,0,0,0,0,0,0,0,0,0,15,0,20,0,
21.28338,-157.71949,P0157,4,2025,,2025-04-04,h,,0,0,30,0,0,0,0,0,0,0,0,0,0,0,0,0,0,0,0,0,0,0,0,0,0,0,25,0,0,70,
21.28347,-157.71949,P0870,4,2025,,2025-04-14,h,,0,0,30,0,0,0,0,0,0,0,0,0,0,0,0,0,0,0,0,0,0,0,0,0,0,0,15,0,30,40,
21.28347,-157.71968,P0192,4,2025,,2025-04-14,h,,0,0,80,0,0,0,0,0,0,0,0,0,0,0,0,0,0,0,0,0,0,0,0,0,0,0,40,0,10,10,
21.28347,-157.71997,P0117,3,2025,,2025-03-12,h,,0,0,50,0,0,0,0,0,5,0,0,0,0,0,0,0,0,0,0,0,0,0,0,0,0,0,40,0,20,20,
21.28356,-157.7193,P0873,4,2025,,2025-04-14,h,,0,0,30,0,0,0,0,0,0,0,0,0,0,0,0,0,0,0,0,0,0,0,0,0,0,0,20,0,20,30,
21.28356,-157.71968,P0876,4,2025,,2025-04-14,h,,0,0,70,0,0,0,0,0,0,0,0,0,0,0,0,0,0,0,0,0,0,0,0,0,0,0,10,0,20,10,
21.28356,-157.71968,P0876,4,2025,,2025-04-14,e,,0,0,60,0,0,0,0,0,0,0,0,0,0,0,0,0,0,0,0,0,0,0,0,0,0,0,40,0,15,25,
21.28356,-157.72017,P0877,4,2025,,2025-04-04,h,,0,0,10,0,0,0,0,0,0,0,0,0,0,0,0,0,0,0,0,0,0,0,0,0,0,0,8,0,0,90,
21.28365,-157.7191,P0351,4,2025,,2025-04-14,h,,0,0,60,0,0,0,0,0,0,0,0,0,0,0,0,0,0,0,0,0,0,0,0,0,0,0,40,0,10,30,
21.28365,-157.71968,P0160,4,2025,,2025-04-14,h,,0,0,40,0,0,0,0,0,0,0,0,0,0,0,0,0,0,0,0,0,0,0,0,0,0,0,0,0,40,20,
21.28365,-157.71978,P0020,4,2025,,2025-04-14,h,,0,0,50,0,0,0,0,0,0,0,0,0,0,0,0,0,0,0,0,0,0,0,0,0,0,0,30,0,25,25,
21.28383,-157.71997,P0888,6,2025,,2025-06-06,h,,0,0,60,0,0,0,0,0,0,0,0,0,0,0,0,0,0,0,0,0,0,0,0,0,0,0,20,0,20,20,
21.28131,-157.72935,P0032,2,2025,,2025-02-10,h,,20,20,1,0,0,0,0,0,0,0,0,0,0,0,0,0,0,20,0,0,0,0,50,0,0,0,1,0,20,30,
21.28086,-157.72993,P0667,6,2025,2011,2025-06-26,h,,0,20,1,0,0,0,4,0,10,0,0,6,0,0,0,0,0,2,0,0,0,0,1,0,0,3,6,0,46,10,1.4
21.28086,-157.73166,P0681,8,2025,,2025-08-26,e,,1,7,1,0,0,0,3,0,0,0,0,0,0,0,0,0,0,17,0,0,0,0,26,0,0,0,0,0,49,15,1.733333333
21.28095,-157.72809,P0689,4,2025,2010,2025-04-23,a,,0,30,5,0,0,0,5,0,0,0,0,0,0,0,0,0,0,0,0,0,0,0,0,0,0,0,0,0,20,50,
21.28104,-157.73041,P0248,3,2025,2010,2025-03-01,h,,0,55,5,0,0,0,0,0,0,0,0,0,0,0,0,0,0,5,0,0,0,0,15,0,0,1,0,0,25,5,
21.28113,-157.72877,P0172,7,2025,,2025-07-11,h,,0,15,0,1,0,0,0,0,0,0,0,1,0,0,0,0,0,0,0,0,0,0,0,5,0,0,6,0,33,39,2.307692308
21.28113,-157.73002,P0298,2,2025,2011,2025-02-17,h,,1,0,1,0,0,0,0,0,0,0,1,0,0,0,0,0,0,0,0,0,0,0,60,0,0,0,0,0,30,10,
21.28113,-157.73021,P0067,2,2025,2011,2025-02-17,h,,0,30,0,0,0,0,0,0,0,0,0,0,0,0,0,0,0,0,0,0,0,0,60,0,0,0,0,0,30,10,
21.28122,-157.73002,P0310,3,2025,,2025-03-01,h,,0,20,0,0,0,0,0,0,0,0,0,0,0,0,0,0,0,0,0,0,0,0,10,0,0,0,0,0,60,20,
,-157.73041,P0774,5,2025,,2025-05-10,h,,0,15,15,0,0,0,0,0,0,0,0,0,0,0,0,0,0,0,0,0,0,0,0,0,0,0,0,0,40,50,
21.28122,-157.7305,P0043,4,2025,,2025-04-23,h,,0,70,10,0,0,0,0,0,0,0,0,4,0,0,0,0,0,0,0,0,0,0,0,0,0,0,2,0,15,5,
21.28149,-157.73147,P0304,5,2025,2010,2025-05-23,h,,0,0,40,0,0,0,0,0,0,0,0,0,0,0,0,0,0,0,0,0,0,0,0,0,0,0,40,0,30,20,
21.28167,-157.73099,P0821,2,2025,2010,2025-02-24,h,,0,30,10,0,0,0,2,0,0,0,0,0,0,0,0,0,0,0,0,0,0,0,0,0,0,0,0,0,10,60,
21.28338,-157.71949,P0157,7,2025,,2025-07-26,h,,0,0,10,0,0,0,0,0,0,0,0,0,0,0,0,0,0,0,0,0,0,0,0,0,0,0,10,0,10,80,
21.28401,-157.71959,P0231,6,2025,,2025-06-06,h,,0,0,40,0,0,0,0,0,0,0,0,0,0,0,0,0,0,0,0,0,0,0,0,0,0,0,20,0,35,25,
21.28086,-157.72944,P0201,6,2025,2010,2025-06-26,h,,0,30,2,0,0,0,6,0,0,0,0,1,0,0,0,0,0,6,0,0,1,0,0,0,0,3,5,0,19,19,3.105263158
21.28086,-157.72973,P0341,6,2025,2010,2025-06-26,h,,2,49,3,0,0,0,3,0,16,0,0,4,1,0,0,0,0,0,0,0,0,0,6,1,0,2,23,0,11,7,2.428571429
21.28095,-157.72973,P0077,7,2025,2010,2025-07-12,h,,0,11,2,0,0,0,1,0,2,0,0,2,0,0,0,0,0,0,0,0,0,0,4,0,0,0,0,0,55,27,2.740740741
21.28122,-157.72983,P0771,2,2025,2010,2025-02-10,h,,10,20,5,0,0,0,0,0,0,0,0,0,0,0,0,0,0,0,0,0,0,0,40,0,0,0,0,0,30,30,
21.28122,-157.7307,P0776,3,2025,,2025-03-01,h,,0,10,0,0,0,0,0,0,0,0,0,0,0,0,0,0,0,0,0,2,0,0,0,0,0,1,0,0,30,60,
21.28131,-157.7307,P0788,3,2025,,2025-03-01,h,,0,20,0,0,0,0,0,0,0,0,0,0,0,0,0,0,0,0,0,1,1,0,0,0,0,0,0,0,15,65,
21.28149,-157.73021,P0098,3,2025,,2025-03-01,h,,0,40,30,0,0,0,0,0,0,0,0,0,0,0,0,0,0,0,0,0,0,0,15,0,0,0,0,0,10,50,
21.28149,-157.7307,P0094,3,2025,2011,2025-03-01,h,,0,20,20,0,0,0,0,0,0,0,0,0,0,0,0,0,0,0,0,0,0,0,0,0,0,0,10,0,35,25,
21.28149,-157.73079,P0096,2,2025,2011,2025-02-18,h,,0,40,10,0,0,0,0,0,0,0,0,0,0,0,0,0,0,0,0,0,30,0,30,0,0,0,0,0,20,40,
21.28131,-157.72886,P0075,3,2025,,2025-03-01,h,,0,50,0,0,0,0,0,0,0,0,0,0,0,0,0,0,0,10,0,0,0,0,15,0,0,1,0,0,32,8,
21.27987,-157.72258,P0438,1,2025,,2025-01-04,e,,0,0,0,1,0,0,0,0,0,0,1,0,1,0,0,0,0,30,0,0,0,0,0,0,0,0,0,0,25,25,
21.28023,-157.73186,P0475,1,2025,,2025-01-04,e,,0,0,0,1,0,0,2,0,0,0,0,0,0,0,0,0,0,40,0,0,0,0,0,0,0,0,0,0,20,40,
21.28032,-157.73224,P0501,1,2025,,2025-01-04,a,,0,0,0,0,0,0,0,0,0,0,0,1,0,0,0,0,0,20,0,0,0,0,0,0,0,0,3,0,10,50,
21.28041,-157.73215,P0522,1,2025,,2025-01-04,e,,0,0,0,0,0,0,0,0,0,0,0,0,0,0,0,0,0,30,0,0,0,0,0,0,0,0,5,0,10,40,
21.2805,-157.73012,P0536,4,2025,2011,2025-04-23,h,,5,40,30,0,0,0,0,0,0,0,0,10,0,0,0,0,0,0,0,0,0,0,0,0,0,0,1,0,30,20,
21.2805,-157.73021,P0301,5,2025,2011,2025-05-10,h,,1,80,60,0,0,0,0,0,0,0,0,0,0,0,0,0,0,0,0,0,0,0,0,0,0,0,0,0,40,15,
21.2805,-157.73166,P0544,2,2025,,2025-02-18,e,,5,10,10,0,0,0,0,0,0,0,0,0,0,0,0,0,0,0,0,0,1,0,10,0,0,0,0,0,45,30,
21.2805,-157.73215,P0548,1,2025,,2025-01-04,h,,0,0,1,0,0,0,0,0,0,0,0,0,0,0,0,0,0,50,0,0,0,0,10,0,0,0,3,0,5,45,
21.2805,-157.73224,P0549,12,2025,,2025-12-30,a,,0,0,0,40,0,0,80,0,0,0,0,0,0,0,0,0,0,0,0,0,0,0,30,0,0,0,0,0,25,30,
21.28059,-157.72838,P0557,8,2025,2010,2025-08-24,h,,0,44,0,0,0,0,2,0,0,0,0,0,0,0,0,0,0,7,0,0,0,0,6,0,0,0,0,0,48,7,3.428571429
21.28059,-157.73041,P0569,3,2025,2011,2025-03-01,h,,0,40,20,0,0,0,0,0,0,0,0,0,0,0,0,0,0,0,0,0,0,0,15,0,0,10,0,0,25,25,
21.28059,-157.73244,P0584,3,2025,,2025-03-19,E,,0,4,0,0,0,0,0,0,0,0,0,0,0,0,0,0,0,8,0,0,0,0,3,0,0,0,0,0,5,80,
21.28068,-157.72964,P0603,2,2025,2010,2025-02-10,h,,5,10,1,0,0,0,5,0,0,0,0,0,0,0,0,0,0,1,0,0,0,0,20,0,0,1,0,0,10,50,
21.28068,-127.73244,P0621,3,2025,,2025-03-19,E,,0,20,0,0,0,0,0,0,0,0,0,0,0,0,0,0,0,10,0,0,0,0,0,0,0,0,2,0,10,50,
21.28077,-157.73195,P0349,1,2025,,2025-01-04,e,,0,0,0,0,0,0,0,0,0,0,0,0,0,0,0,0,0,50,0,0,5,0,50,0,0,0,5,0,10,20,
21.28086,-157.73195,P0683,1,2025,,2025-01-04,e,,0,0,2,0,0,0,0,0,0,0,0,0,0,0,0,0,0,30,0,0,1,0,30,0,0,0,0,0,10,30,
21.28095,-157.72877,P0171,4,2025,,2025-04-23,h,,0,35,10,0,0,0,0,0,0,0,0,20,0,0,0,0,0,0,0,0,0,0,0,0,0,15,0,0,30,20,
21.28095,-157.72983,P0208,2,2025,2011,2025-02-17,h,,0,1,0,0,0,0,0,0,0,0,0,0,0,0,0,0,0,0,0,0,0,0,60,0,0,0,0,0,30,10,
21.28095,-157.73195,P0711,1,2025,,2025-01-04,e,,0,0,0,0,0,0,2,0,0,0,0,0,0,0,0,0,0,40,0,0,0,0,40,0,0,0,0,0,20,30,
21.28095,-157.73224,P0364,12,2025,,2025-12-30,h,,0,0,0,0,0,0,1,0,0,0,0,0,0,0,0,0,0,20,0,0,0,0,40,0,0,0,0,0,30,30,
21.28104,-157.72973,P0727,2,2025,,2025-02-10,ae,,0,0,10,0,0,0,5,0,0,0,0,0,0,0,0,0,0,5,0,0,10,0,50,0,0,0,20,0,10,50,
21.28104,-157.73002,P0103,1,2025,2011,2025-01-04,h,,0,3,3,0,0,0,0,0,0,0,0,3,0,0,0,0,0,0,0,0,0,0,40,0,0,1,0,0,30,10,
21.28122,-157.72983,P0771,6,2025,2010,2025-06-14,h,,0,23,11,0,3,0,0,0,4,0,0,6,0,0,0,0,0,0,0,0,0,0,2,0,0,0,4,0,59,12,1.666666667
21.28122,-157.73041,P0004,3,2025,,2025-03-01,h,,4,20,0,0,0,0,0,0,0,0,0,0,0,0,0,0,0,0,0,0,0,0,0,0,0,0,0,0,20,40,
21.28122,-157.73108,P0778,2,2025,,2025-02-24,e,,0,5,0,0,0,0,10,0,0,0,0,0,0,0,0,0,0,5,0,0,0,0,80,0,0,0,0,0,9,1,
21.28131,-157.73031,P0003,6,2025,,2025-06-01,h,,0,20,0,0,0,0,0,0,0,0,0,0,0,0,0,0,0,0,0,0,0,0,10,0,0,0,0,0,20,60,
21.28131,-157.73041,P0040,3,2025,,2025-03-01,h,,0,20,0,0,0,0,0,0,0,0,0,0,0,0,0,0,0,0,0,0,0,0,10,0,0,0,0,0,40,40,
21.28131,-157.73118,P0276,2,2025,,2025-02-24,h,,0,15,0,0,0,0,10,0,0,0,0,0,0,0,0,0,0,5,0,0,0,0,5,0,0,0,0,0,60,15,
21.28131,-157.73274,P0794,5,2025,,2025-05-26,e,,2,31,9,0,0,0,23,0,0,0,0,3,0,0,0,0,0,0,0,0,4,0,0,6,0,0,7,0,21,21,1.666666667
,-157.73079,P0799,3,2025,,2025-03-25,h,,5,10,5,0,0,0,2,0,2,0,0,0,1,0,0,0,0,0,0,0,2,0,0,0,0,0,1,0,10,60,
21.28149,-157.7306,P0016,5,2025,2010,2025-05-23,h,,0,20,30,0,0,0,0,0,0,0,0,0,0,0,0,0,0,0,0,0,0,0,0,0,0,0,20,0,35,25,
21.28158,-157.7307,P0093,3,2025,2011,2025-03-01,h,,0,35,5,0,0,0,0,0,0,0,0,0,0,0,0,0,0,2,0,0,0,0,0,0,0,2,0,0,25,35,
21.28167,-157.73079,P0819,5,2025,,2025-05-10,h,,0,4,70,0,0,0,0,0,0,0,0,0,0,0,0,0,0,0,0,0,0,0,0,0,0,0,0,0,15,40,
21.28176,-157.73244,P0374,7,2025,,2025-07-25,h,,0,4,2,0,0,0,3,0,0,0,0,3,0,0,0,0,0,0,0,0,1,0,0,0,0,0,2,0,1,85,5.341176471
21.28338,-157.72007,P0181,2,2025,,2025-02-12,h,,0,0,45,0,0,0,0,0,0,0,0,0,0,0,0,0,0,0,0,0,0,0,30,0,0,0,0,0,25,25,
21.28347,-157.71997,P0117,2,2025,,2025-02-13,h,,0,0,70,0,0,0,0,0,0,0,0,0,0,0,0,0,0,0,0,0,0,0,0,0,0,0,0,0,15,15,
21.28383,-157.7191,P0353,2,2025,,2025-02-12,h,,0,0,50,0,0,0,0,0,0,0,0,0,0,0,0,0,0,0,0,0,0,0,0,0,0,0,0,0,30,20,
21.28401,-157.71949,P0230,8,2025,,2025-08-27,h,,0,0,30,0,0,0,0,0,0,0,0,0,0,0,0,0,0,0,0,0,0,0,20,0,0,0,20,0,35,35,
21.2841,-157.71959,P0905,4,2025,,2025-04-14,h,,0,0,40,0,0,0,0,0,0,0,0,0,0,0,0,0,0,0,0,0,0,0,0,0,0,0,20,0,20,40,
21.2,-157.7,P0010,6,2025,2010,2025-06-13,n,,0,44,0,0,0,0,17,0,0,0,3,5,0,0,0,0,0,2,0,0,4,0,0,0,0,4,1,0,32,8,1.625
21.28023,-157.73157,P0473,5,2025,,2025-05-25,e,,0,24,0,0,0,0,0,0,0,0,0,0,0,0,0,0,0,0,0,0,0,0,13,0,0,0,3,0,20,50,
21.28032,-157.7307,P0490,5,2025,2010,2025-05-25,h,,0,18,0,0,0,0,0,0,0,0,0,0,0,0,0,0,0,0,0,0,1,0,1,0,0,0,0,0,25,30,
21.28041,-157.73099,P0513,8,2025,2011,2025-08-23,a,,0,6,0,2,0,0,0,0,0,0,0,0,0,0,0,0,0,1,0,0,0,0,11,0,0,0,0,0,48,26,2.230769231
21.28059,-157.72935,P0145,1,2025,,2025-01-04,h,,0,0,0,0,0,0,0,0,0,0,0,0,0,0,0,0,0,0,0,0,0,0,0,0,0,0,0,0,0,0,
21.28059,-157.72944,P0146,8,2025,,2025-08-23,h,,0,5,3,0,0,0,35,0,0,0,0,0,0,0,0,0,0,4,0,0,0,0,39,0,0,0,0,0,32,2,1.5
21.28068,-157.73031,P0329,6,2025,,2025-06-13,h,,0,29,1,1,0,0,11,0,3,0,4,2,0,0,0,0,0,2,0,0,3,0,1,8,0,3,1,0,42,3,2.666666667
21.28068,-157.73079,P0608,4,2025,2010,2025-04-19,h,,0,45,0,0,0,0,0,0,0,0,0,20,0,0,0,0,0,0,0,0,20,0,0,0,0,10,0,0,45,5,
21.28068,-157.73099,P0610,6,2025,2011,2025-06-13,h,,0,24,0,0,0,0,1,0,2,0,2,0,0,0,0,0,0,1,0,0,0,0,0,0,0,0,0,0,50,16,1.75
21.28077,-157.72915,P0205,8,2025,,2025-08-23,h,,0,20,4,0,0,0,23,0,0,0,0,0,0,1,0,0,0,6,0,0,0,0,30,0,0,0,0,0,16,21,3.380952381
21.28077,-157.73079,P0643,1,2025,2010,2025-01-04,h,,0,0,1,0,0,0,0,0,0,0,1,0,0,0,0,0,0,40,0,0,0,0,50,0,0,0,0,0,30,10,
21.28077,-157.73089,P0644,1,2025,2011,2025-01-04,h,,0,0,0,0,0,0,0,0,0,0,0,4,0,0,0,0,0,20,0,0,0,0,30,0,0,20,0,0,50,10,
21.28077,-157.73089,P0644,6,2025,2011,2025-06-13,h,,0,33,5,0,0,0,13,0,0,0,1,3,0,0,0,0,0,0,0,0,4,0,1,0,0,0,3,0,8,19,2.105263158
21.28077,-157.73099,P0252,3,2025,2011,2025-03-25,h,,10,60,0,0,0,0,20,0,0,0,0,0,0,0,0,0,0,0,0,0,20,0,0,0,0,0,0,0,20,10,
21.28086,-157.72896,P0176,3,2025,,2025-03-15,h,,0,0,5,0,0,0,0,0,0,0,0,0,0,0,0,0,0,0,0,0,0,0,0,0,0,1,8,0,10,5,
21.28086,-157.73108,P0676,2,2025,2011,2025-02-24,h,,0,5,0,0,0,0,5,0,0,0,0,0,0,0,0,0,0,15,0,0,0,0,15,0,0,5,0,0,65,10,
21.28086,-157.73118,P0677,2,2025,2011,2025-02-24,h,,0,15,0,0,0,0,20,0,0,0,0,0,0,0,0,0,0,5,0,0,0,0,30,0,0,0,0,0,45,15,
21.28086,-157.73128,P0678,2,2025,2011,2025-02-24,h,,0,5,5,0,0,0,10,0,0,0,0,0,0,0,0,0,0,0,0,0,0,0,75,0,0,0,0,0,15,5,
21.28095,-157.72886,P0216,3,2025,,2025-03-01,h,,0,30,0,0,0,0,0,0,0,0,0,0,0,0,0,0,0,10,0,0,0,0,30,0,0,1,0,0,25,25,
21.28104,-157.72886,P0199,3,2025,,2025-03-01,h,,0,50,0,0,0,0,0,0,0,0,0,0,0,0,0,0,0,0,0,0,0,0,30,0,0,0,0,0,20,30,
21.28104,-157.73012,P0300,3,2025,2011,2025-03-03,h,,1,40,0,0,0,0,0,0,0,0,0,0,0,0,0,0,0,30,0,0,0,0,0,0,0,0,0,0,30,10,
21.28113,-157.73031,P0749,3,2025,2010,2025-03-03,h,,3,30,0,0,0,0,0,0,0,0,1,0,0,0,0,0,0,0,0,0,0,0,0,0,0,1,0,0,35,35,
21.28131,-157.73118,P0276,7,2025,,2025-07-25,h,,0,13,29,0,0,0,0,0,1,0,1,3,2,0,0,0,0,0,0,0,3,0,4,4,0,0,27,0,45,13,2.307692308
21.2814,-157.73012,P0796,2,2025,2010,2025-02-10,h,,0,20,0,0,0,0,0,0,0,0,0,0,0,0,0,0,0,0,0,0,0,0,5,0,0,0,0,0,40,40,
21.2814,-157.73021,P0097,2,2025,,2025-02-10,h,,0,15,5,0,0,0,0,0,0,0,0,0,0,0,0,0,0,0,0,0,0,0,10,0,0,0,0,0,45,40,
21.2814,-157.7306,P0798,3,2025,,2025-03-01,h,,0,10,0,0,0,0,0,0,0,0,0,0,0,0,0,0,0,0,0,0,0,0,0,0,0,0,0,0,10,80,
21.2814,-157.73195,P0801,8,2025,,2025-08-09,e,,0,35,11,0,0,0,41,0,2,0,0,0,0,0,0,0,0,0,0,0,1,0,40,1,0,0,1,0,20,11,1.909090909
21.28347,-157.71997,P0117,4,2025,,2025-04-16,h,,0,0,40,0,0,0,0,0,0,0,0,0,0,0,0,0,0,0,0,0,0,0,0,0,0,0,20,0,20,30,
21.28365,-157.7192,P0356,4,2025,,2025-04-16,h,,0,0,20,0,0,0,0,0,0,0,0,0,0,0,0,0,0,0,0,0,0,0,0,0,0,0,25,0,65,10,
21.28374,-157.71959,P0251,6,2025,,2025-06-06,h,,0,0,40,0,0,0,0,0,0,0,0,0,0,0,0,0,0,0,0,0,0,0,0,0,0,0,20,0,30,30,
21.28374,-157.71968,P0194,6,2025,,2025-06-06,a,,0,0,50,0,0,0,0,0,0,0,0,0,0,0,0,0,0,0,0,0,0,0,0,0,0,0,20,0,20,20,
21.28383,-157.7191,P0353,3,2025,,2025-03-12,h,,0,0,30,0,0,0,0,0,0,0,0,0,0,0,0,0,0,0,0,0,0,0,0,0,0,0,5,0,25,40,
21.28329,-157.71997,P0115,6,2025,,2025-06-12,h,,0,42,0,0,0,0,4,0,2,0,0,2,0,0,0,0,0,1,0,0,1,0,0,1,0,6,1,0,40,21,2.5
21.28338,-157.71997,P0116,6,2025,,2025-06-12,h,,0,36,0,0,0,0,1,0,0,0,0,2,0,0,0,0,0,2,0,1,0,0,0,0,0,9,1,0,43,20,2.333333333
21.28077,-157.72964,P0637,6,2025,2010,2025-06-26,h,,0,15,0,0,0,0,22,0,0,0,0,0,1,0,0,0,0,1,0,0,0,0,1,0,0,0,1,0,34,90,2.75
21.28086,-157.72809,P0659,3,2025,2010,2025-03-17,a,,0,30,0,0,0,0,5,0,0,0,0,0,0,0,0,0,0,3,0,0,0,0,0,0,0,0,15,0,5,45,
21.28086,-157.72886,P0665,3,2025,,2025-03-15,h,,0,25,1,0,0,0,0,0,0,0,0,0,0,0,0,0,0,13,0,0,0,0,0,0,0,1,0,0,10,50,
21.28086,-157.72983,P0207,2,2025,2010,2025-02-17,h,,0,5,0,0,0,0,0,0,0,0,0,0,0,0,0,0,0,0,0,0,0,0,50,0,0,0,0,0,40,10,
21.28095,-157.72799,P0688,3,2025,,2025-03-17,e,,0,15,5,0,0,0,5,0,0,0,0,0,0,0,0,0,0,0,0,0,0,0,0,0,0,0,35,0,15,25,
21.28095,-157.72857,P0130,7,2025,,2025-07-11,a,,0,7,0,0,0,0,0,0,0,0,0,0,0,0,0,0,0,0,0,0,0,0,0,0,0,0,0,0,33,203,2.440677966
21.28095,-157.73012,P0132,6,2025,2011,2025-06-10,h,,0,40,0,0,0,0,0,0,0,0,0,30,0,0,0,0,0,0,0,0,0,0,0,0,0,20,0,0,30,20,
21.28104,-157.72848,P0720,7,2025,2010,2025-07-11,h,,0,25,0,0,0,0,8,0,0,0,0,1,0,0,0,0,0,0,0,0,0,0,1,0,0,0,1,0,18,288,4.433962264
21.28104,-157.72857,P0721,7,2025,,2025-07-11,h,,0,13,0,0,0,0,1,0,0,0,0,1,0,0,0,0,0,0,0,0,0,0,0,0,0,0,0,0,18,246,2.727272727
21.28113,-157.72886,P0119,2,2025,,2025-02-04,h,,0,20,0,0,0,0,0,0,0,0,0,0,0,0,0,0,0,10,0,0,0,0,50,0,0,0,0,0,10,40,
21.28113,-157.72983,P0296,3,2025,2011,2025-03-03,h,,0,8,0,0,0,0,0,0,0,0,0,0,0,0,0,0,0,2,0,0,0,0,5,0,0,0,0,0,80,10,
21.28149,-157.73108,P0227,6,2025,2010,2025-06-27,h,,0,11,43,0,0,0,0,0,2,0,0,0,0,0,0,0,0,0,0,0,5,0,14,0,0,0,12,0,15,57,2
21.28158,-157.73108,P0150,3,2025,,2025-03-25,h,,0,20,30,0,0,0,0,0,0,0,0,0,0,0,0,0,0,0,0,0,0,0,0,0,0,0,10,0,35,35,
21.28167,-157.73089,P0820,8,2025,2011,2025-08-23,h,,0,8,17,0,0,0,0,0,0,0,0,1,0,1,0,0,0,0,0,0,0,0,18,0,0,0,0,0,10,180,3.090909091
21.28167,-157.73108,P0253,6,2025,2010,2025-06-27,h,,2,4,39,0,0,0,0,0,0,0,0,0,0,0,0,0,0,0,0,0,0,0,0,0,0,0,7,0,32,70,2.888888889
21.28167,-157.73118,P0254,7,2025,2010,2025-07-25,h,,1,24,17,0,0,0,11,0,3,0,0,0,0,0,0,0,0,0,0,0,0,0,5,0,0,0,21,0,9,215,3.3
21.28176,-157.73128,P0830,6,2025,,2025-06-27,h,,0,21,60,0,0,0,0,0,3,0,0,0,0,0,0,0,0,0,0,0,5,0,5,1,0,0,38,0,40,57,1.714285714
21.2814,-157.73089,P0250,7,2025,2011,2025-07-15,h,,2,69,39,1,0,0,12,0,2,0,0,4,1,0,0,0,0,0,0,0,8,0,37,11,0,0,14,0,65,54,1.842105263
21.28023,-157.73079,P0472,8,2025,,2025-08-23,ae,,0,12,0,0,0,0,6,0,2,0,0,1,0,0,0,0,0,0,0,0,0,0,7,0,0,0,3,0,40,168,3
21.28032,-157.7306,P0489,8,2025,2010,2025-08-23,h,,2,16,2,0,0,0,35,0,0,0,0,0,0,0,0,0,0,0,0,0,0,0,44,0,0,0,0,0,5,127,4.291666667
21.2805,-157.72973,P0060,6,2025,2010,2025-06-10,h,,0,30,0,0,0,0,0,0,0,0,0,10,0,0,0,0,0,5,0,0,0,0,0,0,0,15,0,0,30,35,
21.2805,-157.72983,P0534,3,2025,,2025-03-01,h,,0,40,0,0,0,0,1,0,0,0,0,0,0,0,0,0,0,1,0,0,0,0,0,0,0,1,1,0,0,40,
21.2805,-157.73079,P0138,2,2025,2010,2025-02-24,h,,10,40,10,0,0,0,0,0,0,0,0,0,0,0,0,0,0,0,0,0,0,0,10,0,0,0,0,0,20,20,
21.2805,-157.73089,P0139,2,2025,2010,2025-02-24,h,,15,20,0,0,0,0,0,0,0,0,0,0,0,0,0,0,0,0,0,0,0,0,2,0,0,0,0,0,25,25,
21.28059,-157.72983,P0307,3,2025,2010,2025-03-01,h,,0,20,0,0,0,0,0,0,0,0,0,0,0,0,0,0,0,1,0,0,0,0,10,0,0,1,20,0,10,40,
21.28059,-157.72993,P0564,3,2025,2011,2025-03-01,h,,0,25,2,0,0,0,0,0,0,0,0,0,0,0,0,0,0,5,0,0,0,0,10,0,0,0,10,0,30,30,
21.28059,-157.7306,P0571,7,2025,2010,2025-07-15,h,,1,57,1,0,0,0,13,0,12,0,1,6,5,0,0,0,0,1,0,0,0,0,57,0,0,7,1,0,27,6,5
21.28059,-157.73118,P0574,3,2025,,2025-03-01,ae,,2,40,0,0,0,0,1,0,0,0,0,0,0,0,0,0,0,0,0,0,0,0,0,0,0,0,0,0,40,10,
21.28068,-157.72973,P0604,6,2025,2010,2025-06-10,h,,0,35,0,0,0,0,3,0,0,0,0,0,0,0,0,0,0,0,0,0,0,0,0,0,0,5,0,0,30,30,
21.28077,-157.72867,P0350,8,2025,,2025-08-23,h,,0,4,0,0,0,0,7,0,0,0,0,0,0,0,0,0,0,0,0,0,0,0,8,0,0,0,0,0,18,324,3.764705882
21.28077,-157.73002,P0209,6,2025,2011,2025-06-10,h,,0,40,0,0,0,0,0,0,0,0,0,30,0,0,0,0,0,0,0,0,0,0,0,0,0,20,0,0,25,25,
21.28086,-157.72848,P0661,7,2025,2010,2025-07-15,h,,0,27,0,0,0,0,15,0,1,0,0,4,0,0,0,0,0,0,0,0,0,0,10,1,0,0,18,0,22,93,2.321428571
21.28086,-157.72867,P0663,8,2025,,2025-08-23,h,,0,14,3,0,0,0,14,0,0,0,0,4,2,0,0,0,0,0,0,0,0,0,24,0,0,1,1,0,39,126,3.5
21.28086,-157.72877,P0664,4,2025,,2025-04-23,h,,0,45,0,0,0,0,0,0,0,0,0,0,0,0,0,0,0,15,0,0,0,0,0,0,0,5,0,0,30,20,
21.28086,-157.73031,P0074,4,2025,,2025-04-23,h,,0,30,0,0,0,0,0,0,0,0,0,20,0,0,0,0,0,0,0,0,0,0,0,0,0,10,0,0,20,20,
21.28086,-157.73041,P0284,4,2025,2010,2025-04-23,h,,0,45,0,0,0,0,0,0,0,0,0,5,0,0,0,0,0,1,0,0,0,0,0,0,0,3,0,0,30,20,
21.28086,-157.73137,P0679,4,2025,2010,2025-04-19,a,,0,45,0,0,0,0,0,0,0,0,0,5,0,0,0,0,0,10,0,0,0,0,5,0,0,0,15,0,40,10,
21.28086,-157.73147,P0303,4,2025,2010,2025-04-05,h,,0,35,5,0,0,0,4,0,0,0,0,2,0,0,0,0,0,10,0,0,2,0,0,0,0,0,0,0,35,20,
21.28095,-157.72848,P0049,7,2025,2010,2025-07-15,h,,0,30,0,0,0,0,3,0,4,0,0,4,0,0,0,0,0,0,0,0,0,0,3,1,0,0,2,0,28,122,2.935483871
21.28095,-157.72964,P0026,3,2025,2010,2025-03-01,h,,0,30,5,0,0,0,0,0,0,0,0,0,0,0,0,0,0,5,0,0,0,0,30,0,0,10,20,0,25,15,
21.28095,-157.73041,P0271,4,2025,2010,2025-04-23,h,,0,60,0,0,0,0,1,0,0,0,0,8,0,0,0,0,0,1,0,0,3,0,0,0,0,5,0,0,15,5,
21.28095,-157.73137,P0706,4,2025,2010,2025-04-19,e,,0,50,0,0,0,0,0,0,0,0,0,0,0,0,0,0,0,20,0,0,0,0,10,0,0,0,10,0,40,10,
21.28095,-157.73147,P0707,4,2025,,2025-04-05,h,,0,35,10,0,0,0,5,0,0,0,0,2,0,0,0,0,0,5,0,0,1,0,0,0,0,1,0,0,35,15,
21.28104,-157.72867,P0722,4,2025,,2025-04-23,h,,0,20,0,0,0,0,10,0,0,0,0,30,0,0,0,0,0,0,0,0,0,0,0,0,0,10,0,0,30,30,
21.28104,-157.72877,P0723,4,2025,,2025-04-23,h,,0,30,0,0,0,0,0,0,0,0,0,25,0,0,0,0,0,0,0,0,0,0,0,0,0,10,5,0,30,30,
21.28104,-157.72964,P0726,3,2025,2010,2025-03-01,h,,0,40,0,0,0,0,0,0,0,0,0,0,0,0,0,0,0,0,0,0,0,0,40,0,0,0,10,0,10,40,
21.28104,-157.73089,P0732,2,2025,2011,2025-02-18,h,,0,20,0,0,0,0,0,0,0,0,0,0,0,0,0,0,0,0,0,0,0,0,50,0,0,0,0,0,30,20,
21.28104,-157.73099,P0733,2,2025,2011,2025-02-18,h,,0,10,5,0,0,0,10,0,0,0,0,0,0,0,0,0,0,0,0,0,0,0,60,0,0,0,0,0,30,10,
21.28104,-157.73108,P0734,3,2025,2010,2025-03-25,h,,0,10,20,0,0,0,0,0,0,0,0,0,0,0,0,0,0,10,0,0,30,0,0,0,0,0,0,0,20,30,
21.28104,-157.73118,P0228,3,2025,2010,2025-03-25,h,,0,10,5,0,0,0,5,0,0,0,0,5,0,0,0,0,0,0,0,0,0,0,0,0,0,0,0,0,10,40,
21.28113,-157.7305,P0750,7,2025,2010,2025-07-15,h,,0,25,29,0,0,0,14,0,4,0,0,3,5,0,0,0,0,0,0,0,3,0,0,6,0,0,17,0,30,65,4.909090909
21.28113,-157.73099,P0755,2,2025,2011,2025-02-18,h,,0,20,10,0,0,0,10,0,0,0,0,0,0,0,0,0,0,0,0,0,0,0,50,0,0,0,0,0,20,30,
21.28077,-157.7306,P0641,8,2025,2010,2025-08-23,h,,0,35,0,1,0,0,4,0,0,0,0,0,0,0,0,0,0,0,0,0,0,0,16,0,0,6,1,0,40,3,2.333333333
21.28086,-157.72877,P0664,6,2025,,2025-06-11,h,,1,34,3,0,0,0,1,0,3,0,0,3,2,0,0,0,0,1,0,0,2,0,17,0,0,5,5,0,28,21,
21.28104,-157.73128,P0229,2,2025,2010,2025-02-18,ae,,0,10,0,0,0,0,0,0,0,0,5,0,0,0,0,0,0,0,0,0,0,0,50,0,0,0,0,0,45,0,
21.28113,-157.73118,P0756,8,2025,2010,2025-08-23,h,,0,23,3,0,0,0,18,0,0,0,1,0,0,0,0,0,0,0,0,0,0,0,45,0,0,0,7,0,49,3,2.333333333
21.28113,-157.73147,P0759,2,2025,,2025-02-21,e,,10,5,0,0,0,0,3,0,0,0,0,0,0,0,0,0,0,3,0,0,0,0,40,0,0,0,1,0,20,20,
21.28149,-157.73031,P0039,2,2025,,2025-02-17,h,,0,20,40,0,0,0,0,0,0,0,0,0,0,0,0,0,0,0,0,0,0,0,40,0,0,0,0,0,20,40,
21.28059,-157.72935,P0145,1,2025,,2025-01-06,h,,0,0,0,0,0,0,10,0,0,0,0,15,0,0,0,0,0,30,0,0,0,0,20,0,0,0,15,0,25,25,
21.28068,-157.72983,P0308,1,2025,2010,2025-01-04,h,,0,0,0,0,0,0,0,0,0,0,0,0,0,0,1,0,0,25,0,0,0,0,30,0,0,0,5,0,20,40,
21.28068,-157.72993,P0309,1,2025,2011,2025-01-04,h,,0,0,0,0,0,0,0,0,0,0,0,0,0,0,0,0,0,15,0,0,0,0,30,0,0,0,10,0,25,25,
21.28077,-157.72906,P0203,5,2025,,2025-05-24,h,,0,25,0,0,0,0,0,0,0,0,0,15,0,0,0,0,0,0,0,0,0,0,1,0,0,0,0,0,40,20,
21.28077,-157.72983,P0638,1,2025,2010,2025-01-04,h,,0,0,0,0,0,0,0,0,0,0,0,0,0,0,0,0,0,15,0,0,0,0,25,0,0,0,8,0,30,40,
21.28086,-157.72906,P0204,5,2025,,2025-05-24,h,,0,25,0,0,0,0,0,0,0,0,0,3,0,0,0,0,0,3,0,0,0,0,0,0,0,5,0,0,35,35,
21.28104,-157.72896,P0072,6,2025,,2025-06-07,h,,0,40,0,0,0,0,0,0,0,0,0,0,0,0,0,0,0,0,0,0,0,0,0,0,0,3,30,0,40,20,
21.28104,-157.7307,P0730,4,2025,2010,2025-04-19,h,,0,45,15,0,0,0,0,0,0,0,0,0,0,0,0,0,0,0,0,0,0,0,0,0,0,10,0,0,30,20,
21.28104,-157.73079,P0731,3,2025,2011,2025-03-25,h,,5,20,15,0,0,0,2,0,1,0,0,0,0,0,0,0,0,0,0,0,8,0,0,0,0,0,5,0,25,20,
21.28113,-157.7307,P0752,4,2025,2010,2025-04-23,h,,0,20,5,0,0,0,0,0,0,0,0,0,0,0,0,0,0,0,0,0,1,0,0,0,0,0,25,0,25,25,
21.28113,-157.73108,P0287,5,2025,2010,2025-05-10,h,,0,5,4,0,0,0,0,0,0,0,0,0,0,0,0,0,0,0,0,0,0,0,0,0,0,0,0,0,70,25,
21.28122,-157.73079,P0777,3,2025,2011,2025-03-25,c,,2,5,3,0,0,0,1,0,0,0,0,0,1,0,0,0,0,0,0,0,2,0,0,0,0,0,5,0,40,40,
21.28122,-157.73089,P0202,3,2025,2011,2025-03-25,h,,3,10,5,0,0,0,5,0,1,0,0,0,0,0,0,0,0,0,0,0,3,0,0,0,0,0,5,0,20,50,
21.28122,-157.73137,P0163,6,2025,2010,2025-06-26,h,,0,25,5,0,0,0,16,0,2,0,0,3,0,0,0,0,0,0,0,0,23,0,24,3,0,0,15,0,27,18,2
21.28131,-157.73089,P0262,3,2025,,2025-03-19,h,,0,40,0,0,0,0,0,0,0,0,0,0,0,0,0,0,0,0,0,0,40,0,0,5,0,0,20,0,30,30,
21.28158,-157.73224,P0369,8,2025,,2025-08-09,h,,2,28,8,0,0,0,26,0,2,0,0,0,1,0,0,0,0,0,0,0,4,0,38,2,0,0,8,0,40,57,2.352941176